892,UFAM,ADMINISTRACAO PUBLICA,BACHARELADO
280,UFF,"PLANEJAMENTO, IMPLEMENTACAO E GESTAO DA EDUCACAO A DISTANCIA",ESPECIALIZAÇÃO
163,UnB,ARTES VISUAIS,LICENCIATURA
997,UnB,EDUCACAO EM DIREITOS HUMANOS,APERFEIÇOAMENTO
165,UnB,LETRAS PORTUGUES,LICENCIATURA
166,UnB,MUSICA,LICENCIATURA
167,UnB,PEDAGOGIA,LICENCIATURA
168,UnB,TEATRO,LICENCIATURA
36,UFAM,CIENCIAS AGRARIAS,LICENCIATURA
22,FIOCRUZ,FACILITADORES DE EDUCACAO PERMANENTE EM SAUDE,APERFEIÇOAMENTO
23,FIOCRUZ,GESTAO DE PROJETOS DE INVESTIMENTOS EM SAUDE,APERFEIÇOAMENTO
24,FIOCRUZ,GESTAO EM SAUDE,ESPECIALIZAÇÃO
34,UFAM,ADMINISTRACAO,BACHARELADO
62,UFF,TECNOLOGIAS NO ENSINO DE MATEMATICA,ESPECIALIZAÇÃO
1221,UFOP,GESTAO DE POLITICAS PUBLICAS EM GENERO E RACA,ESPECIALIZAÇÃO
871,UnB,ADMINISTRACAO PUBLICA,BACHARELADO
386,UnB,"DESENVOLVIMENTO HUMANO, EDUCACAO E INCLUSAO ESCOLAR",ESPECIALIZAÇÃO
873,UnB,GESTAO PUBLICA,ESPECIALIZAÇÃO
21,FIOCRUZ,ATIVACAO DE PROCESSOS DE MUDANCAS NA FORMACAO,ESPECIALIZAÇÃO
25,FIOCRUZ,VIGILANCIA SANITARIA,APERFEIÇOAMENTO
945,UFOP,EDUCACAO AMBIENTAL - ESCOLAS SUSTENTAVEIS E COM VIDA,APERFEIÇOAMENTO
383,UnB,ADMINISTRACAO - PILOTO,BACHARELADO
264,UFAL,ADMINISTRACAO - PILOTO,BACHARELADO
767,UFAL,ADMINISTRACAO PUBLICA,BACHARELADO
265,UFAL,EDUCACAO DO CAMPO,ESPECIALIZAÇÃO
1026,UFAL,EDUCACAO EM DIREITOS HUMANOS,ESPECIALIZAÇÃO
1712,UFAL,ENSINO DE GEOGRAFIA,ESPECIALIZAÇÃO
1710,UFAL,ESTRATEGIAS DIDATICAS PARA A EDUCACAO BASICA COM USO DE TIC,ESPECIALIZAÇÃO
32,UFAL,FISICA,LICENCIATURA
266,UFAL,GENERO E DIVERSIDADE NA ESCOLA,APERFEIÇOAMENTO
768,UFAL,GESTAO EM SAUDE,ESPECIALIZAÇÃO
769,UFAL,GESTAO PUBLICA,ESPECIALIZAÇÃO
770,UFAL,GESTAO PUBLICA MUNICIPAL,ESPECIALIZAÇÃO
267,UFAL,MATEMATICA,LICENCIATURA
1052,UFAL,MIDIAS NA EDUCACAO,ESPECIALIZAÇÃO
33,UFAL,PEDAGOGIA,LICENCIATURA
31,UFAL,SISTEMAS DE INFORMACAO,BACHARELADO
1749,UFAL,TECNOLOGIA DA INFORMACAO PARA EDUCADORES,ESPECIALIZAÇÃO
944,UFMS,EDUCACAO AMBIENTAL - ESCOLAS SUSTENTAVEIS E COM VIDA,APERFEIÇOAMENTO
856,IFAL,ADMINISTRACAO PUBLICA,BACHARELADO
182,IFAL,BIOLOGIA,LICENCIATURA
805,IFAL,GESTAO PUBLICA MUNICIPAL,ESPECIALIZAÇÃO
1,IFAL,HOTELARIA,TECNOLOGO
183,IFAL,LETRAS PORTUGUES,LICENCIATURA
1497,UFAL,CIENCIAS SOCIAIS,LICENCIATURA
1022,UFAL,EDUCACAO PARA AS RELACOES ETNICORRACIAIS,APERFEIÇOAMENTO
1103,UFAL,LETRAS ESPANHOL,LICENCIATURA
1547,UFPE,CIENCIAS CONTABEIS,BACHARELADO
1538,UFPE,GEOGRAFIA,LICENCIATURA
1099,UFAL,LETRAS PORTUGUES,LICENCIATURA
1746,UFAL,QUIMICA,LICENCIATURA
986,IFAL,CULTURA E HISTORIAS DOS POVOS INDIGENAS,APERFEIÇOAMENTO
909,IFAL,EDUCACAO PARA A DIVERSIDADE,APERFEIÇOAMENTO
1673,IFPE,ENSINO DE CIENCIAS (CIENCIA E 10!),ESPECIALIZAÇÃO
1631,IFPE,ENSINO DE MATEMATICA NO ENSINO MEDIO,ESPECIALIZAÇÃO
640,IFPE,GEOGRAFIA,LICENCIATURA
15,IFPE,MATEMATICA,LICENCIATURA
626,IFPE,MATEMATICA,LICENCIATURA
164,UnB,EDUCACAO FISICA,LICENCIATURA
35,UFAM,ARTES PLASTICAS,LICENCIATURA
1314,UFAM,EDUCACAO EM DIREITOS HUMANOS,EXTENSÃO
269,UFAM,EDUCACAO FISICA,LICENCIATURA
1315,UFAM,GENERO E DIVERSIDADE NA ESCOLA,EXTENSÃO
893,UFAM,GESTAO EM SAUDE,ESPECIALIZAÇÃO
894,UFAM,GESTAO PUBLICA,ESPECIALIZAÇÃO
895,UFAM,GESTAO PUBLICA MUNICIPAL,ESPECIALIZAÇÃO
1256,UFAM,MIDIAS NA EDUCACAO,ESPECIALIZAÇÃO
174,UNIFESP,SAUDE INDIGENA,ESPECIALIZAÇÃO
406,UNIFESP,CUIDADO PRE-NATAL,ESPECIALIZAÇÃO
407,UNIFESP,"CUIDADOS PRIMARIOS EM OFTALMOLOGIA, REFLEXO VERMELHO E FUNDO DE OLHO",APERFEIÇOAMENTO
409,UNIFESP,GESTAO EM ENFERMAGEM,ESPECIALIZAÇÃO
173,UNIFESP,INFORMATICA EM SAUDE,ESPECIALIZAÇÃO
291,UFJF,ENFERMAGEM,LICENCIATURA
294,UFJF,GESTAO PUBLICA MUNICIPAL INTEGRADA,ESPECIALIZAÇÃO
296,UFJF,TECNOLOGIAS DE INFORMACAO E COMUNICACAO NO ENSINO FUNDAMENTAL,ESPECIALIZAÇÃO
1011,UFMT,EDUCACAO AMBIENTAL - ESCOLAS SUSTENTAVEIS E COM VIDA,APERFEIÇOAMENTO
11,IFPA,PEDAGOGIA,LICENCIATURA
13,IFPA,SAUDE PUBLICA,TECNOLOGO
97,UFPA,MATEMATICA,LICENCIATURA
1478,UNIFAP,ADMINISTRACAO PUBLICA,BACHARELADO
947,UNIFAP,EDUCACAO DO CAMPO,ESPECIALIZAÇÃO
987,UNIFAP,EDUCACAO EM DIREITOS HUMANOS,APERFEIÇOAMENTO
980,UNIFAP,EDUCACAO E SAUDE,APERFEIÇOAMENTO
897,UNIFAP,EDUCACAO PARA A DIVERSIDADE,APERFEIÇOAMENTO
1408,UNIFAP,GENERO E DIVERSIDADE NA ESCOLA,APERFEIÇOAMENTO
1479,UNIFAP,GESTAO EM SAUDE,ESPECIALIZAÇÃO
405,UNIFAP,MATEMATICA,LICENCIATURA
1144,UNIFAP,MIDIAS NA EDUCACAO,EXTENSÃO
1145,UNIFAP,MIDIAS NA EDUCACAO,ESPECIALIZAÇÃO
14,IFPA,TECNOLOGIA EM DESENVOLVIMENTO DE SISTEMAS DE INFORMACAO,TECNOLOGO
978,UNIFAP,CULTURA E HISTORIAS DOS POVOS INDIGENAS,APERFEIÇOAMENTO
912,UNIFAP,EDUCACAO AMBIENTAL,APERFEIÇOAMENTO
976,UNIFAP,EDUCACAO INTEGRAL E INTEGRADA,APERFEIÇOAMENTO
270,UFBA,EDUCACAO AMBIENTAL,EXTENSÃO
37,UFBA,MATEMATICA,LICENCIATURA
1405,UNEB,EDUCACAO AMBIENTAL,APERFEIÇOAMENTO
991,UNEB,EDUCACAO EM DIREITOS HUMANOS,ESPECIALIZAÇÃO
910,UNEB,EDUCACAO PARA A DIVERSIDADE,ESPECIALIZAÇÃO
937,UNEB,GENERO E DIVERSIDADE NA ESCOLA,ESPECIALIZAÇÃO
816,UNEB,GESTAO PUBLICA,ESPECIALIZAÇÃO
815,UNEB,GESTAO PUBLICA MUNICIPAL,ESPECIALIZAÇÃO
391,UNEB,HISTORIA,LICENCIATURA
762,UNEB,LETRAS INGLES,LICENCIATURA
1193,UESB,MIDIAS NA EDUCACAO,ESPECIALIZAÇÃO
271,UFBA,EDUCACAO DE JOVENS E ADULTOS,EXTENSÃO
272,UFBA,EDUCACAO ETNICO-RACIAL,EXTENSÃO
1610,UFBA,ENSINO DE FILOSOFIA NO ENSINO MEDIO,ESPECIALIZAÇÃO
1224,UFBA,GESTAO DE POLITICAS PUBLICAS EM GENERO E RACA,ESPECIALIZAÇÃO
93,UFOP,PEDAGOGIA,LICENCIATURA
321,UFPB,CIENCIAS BIOLOGICAS,LICENCIATURA
1131,UFPB,LETRAS LIBRAS,LICENCIATURA
1784,UFPB,LETRAS LINGUA INGLESA,LICENCIATURA
98,UFPB,LETRAS PORTUGUES,LICENCIATURA
1008,UFRPE,ADMINISTRACAO PUBLICA,BACHARELADO
124,UFRPE,COMPUTACAO,LICENCIATURA
355,UFRPE,ENSINO DE CIENCIAS E MATEMATICA,ESPECIALIZAÇÃO
123,UFRPE,SISTEMAS DE INFORMACAO,BACHARELADO
818,UNEB,ADMINISTRACAO PUBLICA,BACHARELADO
1346,UNEB,DIVERSIDADE NO AMBIENTE ESCOLAR,EXTENSÃO
390,UNEB,EDUCACAO A DISTANCIA,ESPECIALIZAÇÃO
1344,UNEB,EDUCACAO DE JOVENS E ADULTOS NA DIVERSIDADE,EXTENSÃO
1409,UNEB,ESTATUTO DA CRIANCA E DO ADOLESCENTE,EXTENSÃO
756,UNEB,GEOGRAFIA,LICENCIATURA
1199,UNEB,GESTAO DE POLITICAS PUBLICAS EM GENERO E RACA,EXTENSÃO
817,UNEB,GESTAO EM SAUDE,ESPECIALIZAÇÃO
1657,UNEB,INTERDISCIPLINAR EM ESTUDOS SOCIAIS E HUMANIDADES,ESPECIALIZAÇÃO
1679,UESB,ENSINO DE CIENCIAS (CIENCIA E 10!),ESPECIALIZAÇÃO
1635,UESB,ENSINO DE MATEMATICA NO ENSINO MEDIO,ESPECIALIZAÇÃO
1726,UESB,ENSINO DE SOCIOLOGIA NO ENSINO MEDIO,ESPECIALIZAÇÃO
1141,UESB,MIDIAS NA EDUCACAO,EXTENSÃO
757,UNEB,BIOLOGIA,LICENCIATURA
763,UNEB,LETRAS PORTUGUES,LICENCIATURA
392,UNEB,MATEMATICA,LICENCIATURA
729,UNEB,PEDAGOGIA,LICENCIATURA
1036,UESB,COMPUTACAO,LICENCIATURA
16,IFPE,TECNOLOGIA EM GESTAO AMBIENTAL,TECNOLOGO
1462,UFBA,ADMINISTRACAO PUBLICA,BACHARELADO
989,UFBA,EDUCACAO  EM DIREITOS HUMANOS,EXTENSÃO
934,UFBA,GENERO E DIVERSIDADE NA ESCOLA,EXTENSÃO
1463,UFBA,GESTAO PUBLICA MUNICIPAL,ESPECIALIZAÇÃO
969,UFBA,PRODUCAO DE MATERIAL DIDATICO PARA A DIVERSIDADE,EXTENSÃO
759,UNEB,CIENCIAS DA COMPUTACAO,LICENCIATURA
761,UNEB,LETRAS ESPANHOL,LICENCIATURA
1684,UFBA,ENSINO DE CIENCIAS (CIENCIA E 10!),ESPECIALIZAÇÃO
320,UFPB,CIENCIAS AGRARIAS,LICENCIATURA
1779,UFPB,CIENCIAS DA LINGUAGEM COM ENFASE EM LINGUA PORTUGUESA,ESPECIALIZAÇÃO
1533,UFPB,COMPUTACAO,LICENCIATURA
99,UFPB,MATEMATICA,LICENCIATURA
760,UNEB,EDUCACAO FISICA,LICENCIATURA
1348,UNEB,EDUCACAO PARA AS RELACOES ETNICORRACIAIS,APERFEIÇOAMENTO
1325,UESC,EDUCACAO EM DIREITOS HUMANOS,EXTENSÃO
1607,UESC,ENSINO DE FILOSOFIA NO ENSINO MEDIO,ESPECIALIZAÇÃO
1636,UESC,ENSINO DE MATEMATICA NO ENSINO MEDIO,ESPECIALIZAÇÃO
1727,UESC,ENSINO DE SOCIOLOGIA NO ENSINO MEDIO,ESPECIALIZAÇÃO
1261,UESC,ESTATUTO DA CRIANCA E DO ADOLESCENTE,EXTENSÃO
1588,UESC,ESTUDOS DO ATLANTICO E DA DIASPORA AFRICANA,ESPECIALIZAÇÃO
1457,UESC,GESTAO EM SAUDE,ESPECIALIZAÇÃO
259,UESC,LETRAS PORTUGUES,LICENCIATURA
1226,UFBA,GESTAO DE POLITICAS PUBLICAS EM GENERO E RACA,EXTENSÃO
371,UFSCAR,GENERO E DIVERSIDADE NA ESCOLA,APERFEIÇOAMENTO
1612,UFPB,ENSINO DE FILOSOFIA NO ENSINO MEDIO,ESPECIALIZAÇÃO
1733,UFPB,ENSINO DE SOCIOLOGIA NO ENSINO MEDIO,ESPECIALIZAÇÃO
1347,UNEB,PRODUCAO DE MATERIAL DIDATICO PARA A DIVERSIDADE,EXTENSÃO
393,UNEB,QUIMICA,LICENCIATURA
888,UFOP,ADMINISTRACAO PUBLICA,BACHARELADO
651,UFSC,ADMINISTRACAO,BACHARELADO
181,UTFPR,GESTAO AMBIENTAL EM MUNICIPIOS,ESPECIALIZAÇÃO
1729,UFBA,ENSINO DE SOCIOLOGIA NO ENSINO MEDIO,ESPECIALIZAÇÃO
1773,UNIVASF,DOCENCIA EM BIOLOGIA,ESPECIALIZAÇÃO
1762,UNIVASF,"EDUCACAO, CONTEMPORANEIDADE E NOVAS TECNOLOGIAS",ESPECIALIZAÇÃO
1031,UFRPE,HISTORIA,LICENCIATURA
1494,UNIVASF,GESTAO PUBLICA MUNICIPAL,ESPECIALIZAÇÃO
389,UNEB,ADMINISTRACAO - PILOTO,BACHARELADO
145,UFSCAR,ENGENHARIA AMBIENTAL,BACHARELADO
3,IFCE,TECNOLOGIA EM HOTELARIA,TECNOLOGO
38,UFC,ADMINISTRACAO - PILOTO,BACHARELADO
1288,UFC,EDUCACAO AMBIENTAL,APERFEIÇOAMENTO
1275,UFC,EDUCACAO DE JOVENS E ADULTOS NA DIVERSIDADE,APERFEIÇOAMENTO
1290,UFC,EDUCACAO EM DIREITOS HUMANOS,APERFEIÇOAMENTO
39,UFC,FISICA,LICENCIATURA
40,UFC,LETRAS INGLES,LICENCIATURA
41,UFC,LETRAS PORTUGUES,LICENCIATURA
42,UFC,MATEMATICA,LICENCIATURA
1283,UFC,MIDIAS NA EDUCACAO,EXTENSÃO
43,UFC,QUIMICA,LICENCIATURA
1482,UNILAB,ADMINISTRACAO PUBLICA,BACHARELADO
1483,UNILAB,GESTAO EM SAUDE,ESPECIALIZAÇÃO
1484,UNILAB,GESTAO PUBLICA,ESPECIALIZAÇÃO
1485,UNILAB,GESTAO PUBLICA MUNICIPAL,ESPECIALIZAÇÃO
210,UECE,CIENCIAS BIOLOGICAS,LICENCIATURA
1152,UFC,MIDIAS NA EDUCACAO,ESPECIALIZAÇÃO
1130,UFC,PEDAGOGIA,LICENCIATURA
918,IFCE,EDUCACAO AMBIENTAL,ESPECIALIZAÇÃO
911,IFCE,EDUCACAO PARA A DIVERSIDADE,APERFEIÇOAMENTO
213,UECE,MATEMATICA,LICENCIATURA
1503,IFCE,"EDUCACAO PROFISSIONAL, CIENTIFICA E TECNOLOGICA",LICENCIATURA
2,IFCE,MATEMATICA,LICENCIATURA
861,UFC,ADMINISTRACAO PUBLICA,BACHARELADO
905,IFCE,EDUCACAO DE JOVENS E ADULTOS NA DIVERSIDADE,ESPECIALIZAÇÃO
212,UECE,COMPUTACAO,LICENCIATURA
1564,UECE,EDUCACAO A DISTANCIA,ESPECIALIZAÇÃO
1562,UECE,GESTAO PEDAGOGICA NA ESCOLA BASICA,ESPECIALIZAÇÃO
214,UECE,PEDAGOGIA - LICENCIATURA PLENA EM EDUCACAO INFANTIL E ANOS INICIAIS DO ENSINO FUND.(1 AO 5 ANO),LICENCIATURA
1404,UFC,ADMINISTRACAO,BACHARELADO
354,UFRPE,EDUCACAO AMBIENTAL,APERFEIÇOAMENTO
273,UFC,LETRAS ESPANHOL,LICENCIATURA
1129,UECE,GEOGRAFIA,LICENCIATURA
208,UECE,ADMINISTRACAO - PILOTO,BACHARELADO
155,UFSM,GESTAO EDUCACIONAL,ESPECIALIZAÇÃO
967,IFCE,PRODUCAO DE MATERIAL DIDATICO PARA A DIVERSIDADE,APERFEIÇOAMENTO
960,IFCE,MEDIADORES DE LEITURA,APERFEIÇOAMENTO
862,UECE,ADMINISTRACAO PUBLICA,BACHARELADO
863,UECE,GESTAO EM SAUDE,ESPECIALIZAÇÃO
865,UECE,GESTAO PUBLICA,ESPECIALIZAÇÃO
859,UECE,GESTAO PUBLICA MUNICIPAL,ESPECIALIZAÇÃO
184,IFES,EDUCACAO PROFISSIONAL E TECNOLOGICA,ESPECIALIZAÇÃO
1670,IFES,ENSINO DE CIENCIAS (CIENCIA E 10!),ESPECIALIZAÇÃO
881,IFES,GESTAO PUBLICA MUNICIPAL,ESPECIALIZAÇÃO
186,IFES,INFORMATICA,LICENCIATURA
1412,IFES,LETRAS PORTUGUES,LICENCIATURA
4,IFES,TECNOLOGIA EM ANALISE E DESENVOLVIMENTO DE SISTEMAS,TECNOLOGO
56,UFES,ARTES VISUAIS,LICENCIATURA
1505,UFES,BIOLOGIA,LICENCIATURA
44,UFES,CIENCIAS CONTABEIS,BACHARELADO
47,UFES,"DIMENSOES DA HUMANIZACAO: FILOSOFIA, PSICANALISE, MEDICINA",APERFEIÇOAMENTO
275,UFES,EDUCACAO AMBIENTAL,APERFEIÇOAMENTO
432,UFES,EDUCACAO DO CAMPO,ESPECIALIZAÇÃO
1506,UFES,FILOSOFIA,LICENCIATURA
50,UFES,FILOSOFIA E PSICANALISE,ESPECIALIZAÇÃO
58,UFES,FISICA,LICENCIATURA
1176,UFES,GESTAO DE POLITICAS PUBLICAS EM GENERO E RACA,ESPECIALIZAÇÃO
847,UFES,GESTAO EM SAUDE,ESPECIALIZAÇÃO
1509,UFES,HISTORIA,LICENCIATURA
1512,UFES,PEDAGOGIA - SERIES INICIAIS DO ENSINO FUNDAMENTAL,LICENCIATURA
1553,IFES,COMPLEMENTACAO PEDAGOGICA,FORMAÇÃO PEDAGÓGICA
185,IFES,EDUCACAO PROFISSIONAL INTEGRADA A EDUCACAO BASICA NA MODALIDADE DE EDUCACAO DE JOVENS E ADULTOS,ESPECIALIZAÇÃO
187,IFES,INFORMATICA NA EDUCACAO,ESPECIALIZAÇÃO
994,UFES,CULTURA E HISTORIAS DOS POVOS INDIGENAS,APERFEIÇOAMENTO
1308,UFES,ESTATUTO DA CRIANCA E DO ADOLESCENTE,EXTENSÃO
61,UFES,GESTAO DE AGRONEGOCIOS,ESPECIALIZAÇÃO
55,UFES,LOGISTICA,ESPECIALIZAÇÃO
59,UFES,QUIMICA,LICENCIATURA
1446,IFES,GESTAO PUBLICA ,ESPECIALIZAÇÃO
1641,UFES,ENSINO DE MATEMATICA NO ENSINO MEDIO,ESPECIALIZAÇÃO
274,UFES,ADMINISTRACAO - PILOTO,BACHARELADO
998,UFES,EDUCACAO EM DIREITOS HUMANOS,APERFEIÇOAMENTO
924,UFES,EDUCACAO PARA A DIVERSIDADE,APERFEIÇOAMENTO
938,UFES,EDUCACAO PARA AS RELACOES ETNICORRACIAIS,APERFEIÇOAMENTO
956,UFES,GENERO E DIVERSIDADE NA ESCOLA,APERFEIÇOAMENTO
289,UFJF,ESPORTES E ATIVIDADES FISICAS INCLUSIVAS PARA PESSOAS COM DEFICIENCIA,ESPECIALIZAÇÃO
285,UFG,EDUCACAO PARA A DIVERSIDADE E CIDADANIA,ESPECIALIZAÇÃO
1714,UFG,HISTORIA E CULTURA AFRO-BRASILEIRA E AFRICANA,ESPECIALIZAÇÃO
1766,UFG,"INTERDISCIPLINAR EM PATRIMONIO, DIREITOS CULTURAIS E CIDADANIA",ESPECIALIZAÇÃO
1786,UFG,LETRAMENTO INFORMACIONAL: EDUCACAO PARA A INFORMACAO,ESPECIALIZAÇÃO
1763,UFG,MATEMATICA,LICENCIATURA
67,UFG,METODOLOGIA DO ENSINO FUNDAMENTAL,ESPECIALIZAÇÃO
983,UnB,EDUCACAO E SAUDE,APERFEIÇOAMENTO
935,UnB,EDUCACAO PARA AS RELACOES ETNICORRACIAIS,APERFEIÇOAMENTO
771,UEG,ADMINISTRACAO PUBLICA,BACHARELADO
1676,UEG,ENSINO DE CIENCIAS (CIENCIA E 10!),ESPECIALIZAÇÃO
1633,UEG,ENSINO DE MATEMATICA NO ENSINO MEDIO,ESPECIALIZAÇÃO
217,UEG,GENERO E DIVERSIDADE NA ESCOLA,APERFEIÇOAMENTO
774,UEG,GESTAO EM SAUDE,ESPECIALIZAÇÃO
772,UEG,GESTAO PUBLICA,ESPECIALIZAÇÃO
773,UEG,GESTAO PUBLICA MUNICIPAL,ESPECIALIZAÇÃO
1565,UEG,LIBRAS PARA EDUCACAO BASICA,ESPECIALIZAÇÃO
1566,UEG,OBJETOS DE APRENDIZAGEM,ESPECIALIZAÇÃO
66,UFG,ADMINISTRACAO,BACHARELADO
282,UFG,ARTES CENICAS,LICENCIATURA
68,UFG,ARTES VISUAIS,LICENCIATURA
283,UFG,EDUCACAO FISICA,LICENCIATURA
286,UFG,GENERO E DIVERSIDADE NA ESCOLA,APERFEIÇOAMENTO
1197,UFG,GENERO E DIVERSIDADE NA ESCOLA ,ESPECIALIZAÇÃO
1172,UFG,MIDIAS NA EDUCACAO,ESPECIALIZAÇÃO
287,UFG,TECNOLOGIAS APLICADA AO ENSINO DE BIOLOGIA,ESPECIALIZAÇÃO
388,UnB,GEOGRAFIA,LICENCIATURA
1177,UnB,GESTAO DE POLITICAS PUBLICAS EM GENERO E RACA,ESPECIALIZAÇÃO
674,UEG,COMPUTACAO,LICENCIATURA
675,UEG,HISTORIA,LICENCIATURA
1464,UFG,ADMINISTRACAO PUBLICA,BACHARELADO
1709,UFG,EDUCACAO FISICA ESCOLAR,ESPECIALIZAÇÃO
1711,UFG,ENSINO DE BIOLOGIA,ESPECIALIZAÇÃO
1713,UFG,ENSINO INTERDISCIPLINAR SOBRE INFANCIA E DIREITOS HUMANOS,ESPECIALIZAÇÃO
1279,UFG,ESTATUTO DA CRIANCA E DO ADOLESCENTE,EXTENSÃO
1465,UFG,GESTAO PUBLICA,ESPECIALIZAÇÃO
1760,UFG,INOVACAO EM MIDIAS INTERATIVAS,ESPECIALIZAÇÃO
384,UnB,BIOLOGIA,LICENCIATURA
1707,UFG,ARTE EDUCACAO INTERMEDIATICA DIGITAL,ESPECIALIZAÇÃO
69,UFG,FISICA,LICENCIATURA
216,UEG,CIENCIAS BIOLOGICAS,LICENCIATURA
284,UFG,EDUCACAO INTEGRAL E INTEGRADA,APERFEIÇOAMENTO
476,UnB,BIOLOGIA - PROLIC I,LICENCIATURA
474,UnB,BIOLOGIA - PROLIC II,LICENCIATURA
1332,UnB,EDUCACAO DO CAMPO,EXTENSÃO
738,UFG,BIOLOGIA,LICENCIATURA
224,UEMA,ADMINISTRACAO - PILOTO,BACHARELADO
670,UEMA,ADMINISTRACAO PUBLICA,BACHARELADO
1585,UEMA,ENSINO DE GENETICA,ESPECIALIZAÇÃO
227,UEMA,FILOSOFIA,LICENCIATURA
663,UEMA,FORMACAO PEDAGOGICA,FORMAÇÃO PEDAGÓGICA
228,UEMA,GENERO E DIVERSIDADE NA ESCOLA,APERFEIÇOAMENTO
229,UEMA,PEDAGOGIA,LICENCIATURA
1433,UEMA,PEDAGOGIA (COMPLEMENTACAO EM PEDAGOGIA),LICENCIATURA
1583,UEMA,PSICOLOGIA DA EDUCACAO,ESPECIALIZAÇÃO
460,UFMA,ARTES VISUAIS,LICENCIATURA
1044,UFMA,COMPUTACAO,LICENCIATURA
902,UFMA,EDUCACAO DE JOVENS E ADULTOS,APERFEIÇOAMENTO
948,UFMA,EDUCACAO DO CAMPO,ESPECIALIZAÇÃO
1322,UFMA,EDUCACAO EM DIREITOS HUMANOS,ESPECIALIZAÇÃO
977,UFMA,EDUCACAO INTEGRAL E INTEGRADA,APERFEIÇOAMENTO
904,UFMA,EDUCACAO PARA A DIVERSIDADE,APERFEIÇOAMENTO
299,UFMA,GENERO E DIVERSIDADE NA ESCOLA,APERFEIÇOAMENTO
1178,UFMA,GESTAO DE POLITICAS PUBLICAS EM GENERO E RACA,ESPECIALIZAÇÃO
780,UFMA,GESTAO EM SAUDE,ESPECIALIZAÇÃO
781,UFMA,GESTAO PUBLICA,ESPECIALIZAÇÃO
782,UFMA,GESTAO PUBLICA MUNICIPAL,ESPECIALIZAÇÃO
1054,UFMA,LETRAS PORTUGUES,LICENCIATURA
300,UFMA,MATEMATICA,LICENCIATURA
955,UFMA,MEDIADORES DE LEITURA,APERFEIÇOAMENTO
452,UFMA,TEATRO,LICENCIATURA
188,IFMA,INFORMATICA,LICENCIATURA
226,UEMA,EDUCACAO DO CAMPO,ESPECIALIZAÇÃO
72,UFMA,ADMINISTRACAO,BACHARELADO
779,UFMA,ADMINISTRACAO PUBLICA,BACHARELADO
993,UFMA,EDUCACAO EM DIREITOS HUMANOS,APERFEIÇOAMENTO
73,UFMA,QUIMICA,LICENCIATURA
90,UFOP,ADMINISTRACAO PUBLICA,BACHARELADO
1341,UFOP,GEOGRAFIA,LICENCIATURA
92,UFOP,MATEMATICA,LICENCIATURA
91,UFOP,PRATICAS PEDAGOGICAS,ESPECIALIZAÇÃO
1477,UNIFAL-MG,GESTAO PUBLICA MUNICIPAL,ESPECIALIZAÇÃO
403,UNIFAL-MG,TEORIAS E PRATICAS NA EDUCACAO,ESPECIALIZAÇÃO
172,UNIFEI,FISICA,LICENCIATURA
171,UNIFEI,GESTAO DE PESSOAS E PROJETOS SOCIAIS,ESPECIALIZAÇÃO
1453,UEMG,GESTAO PUBLICA,ESPECIALIZAÇÃO
806,UFLA,ADMINISTRACAO PUBLICA,BACHARELADO
79,UFMG,BIOLOGIA,LICENCIATURA
923,UFMG,EDUCACAO AMBIENTAL,APERFEIÇOAMENTO
954,UFMG,EDUCACAO DO CAMPO,APERFEIÇOAMENTO
75,UFMG,ENSINO DE ARTES VISUAIS,ESPECIALIZAÇÃO
1309,UFMG,ESTATUTO DA CRIANCA E DO ADOLESCENTE,EXTENSÃO
78,UFMG,ESTRATEGIA SAUDE DA FAMILIA,ESPECIALIZAÇÃO
77,UFMG,FORMACAO PEDAGOGICA DE EDUCACAO PROFISSIONAL NA SAUDE: ENFERMAGEM,ESPECIALIZAÇÃO
302,UFMG,MATEMATICA,LICENCIATURA
303,UFMG,PEDAGOGIA,LICENCIATURA
973,UFMG,PRODUCAO DE MATERIAL DIDATICO PARA A DIVERSIDADE,APERFEIÇOAMENTO
81,UFMG,QUIMICA,LICENCIATURA
1010,UNIMONTES,EDUCACAO E SAUDE,APERFEIÇOAMENTO
1027,UNIMONTES,GESTAO DE PROGRAMAS DE EDUCACAO ESCOLAR INDIGENA,APERFEIÇOAMENTO
1173,UFOP,MIDIAS NA EDUCACAO,ESPECIALIZAÇÃO
1182,UFOP,MIDIAS NA EDUCACAO,EXTENSÃO
1307,UFOP,PRODUCAO DE MATERIAL DIDATICO PARA A DIVERSIDADE,APERFEIÇOAMENTO
379,UFU,ADMINISTRACAO - PILOTO,BACHARELADO
380,UFU,EDUCACAO DE JOVENS E ADULTOS,APERFEIÇOAMENTO
940,UFU,EDUCACAO PARA AS RELACOES ETNICORRACIAIS,APERFEIÇOAMENTO
838,UFU,GESTAO EM SAUDE,ESPECIALIZAÇÃO
836,UFU,GESTAO PUBLICA,ESPECIALIZAÇÃO
837,UFU,GESTAO PUBLICA MUNICIPAL,ESPECIALIZAÇÃO
1287,UEMG,ESTATUTO DA CRIANCA E DO ADOLESCENTE,EXTENSÃO
1337,IF - Triangulo,COMPUTACAO,LICENCIATURA
1440,IF - Triangulo,LETRAS PORTUGUES,LICENCIATURA
598,UFJF,ADMINISTRACAO,BACHARELADO
783,UFJF,ADMINISTRACAO PUBLICA,BACHARELADO
1132,UFJF,COMPUTACAO,LICENCIATURA
1321,UFJF,EDUCACAO E SAUDE,APERFEIÇOAMENTO
1319,UFJF,EDUCACAO PARA AS RELACOES ETNICORRACIAIS,APERFEIÇOAMENTO
293,UFJF,"GESTAO DO MEIO AMBIENTE: EDUCACAO, DIREITO E ANALISE AMBIENTAL",ESPECIALIZAÇÃO
71,UFJF,PEDAGOGIA,LICENCIATURA
1326,UFSJ,PEDAGOGIA,LICENCIATURA
1421,UFU,MATEMATICA,LICENCIATURA
170,UNIFEI,DESIGN INSTRUCIONAL PARA EAD VIRTUAL,ESPECIALIZAÇÃO
1486,UFV,GESTAO PUBLICA,ESPECIALIZAÇÃO
1335,UFV,HISTORIA,LICENCIATURA
1336,UFV,MATEMATICA,LICENCIATURA
1320,UFJF,CULTURA E HISTORIAS DOS POVOS INDIGENAS,APERFEIÇOAMENTO
1043,UFLA,EDUCACAO AMBIENTAL,ESPECIALIZAÇÃO
951,UFLA,GENERO E DIVERSIDADE NA ESCOLA,ESPECIALIZAÇÃO
972,UFLA,PRODUCAO DE MATERIAL DIDATICO PARA A DIVERSIDADE,ESPECIALIZAÇÃO
1770,UFLA,USO EDUCACIONAL DA INTERNET,ESPECIALIZAÇÃO
1520,UFSJ,FILOSOFIA,LICENCIATURA
1473,UFSJ,GESTAO EM SAUDE,ESPECIALIZAÇÃO
1327,UFSJ,MATEMATICA,LICENCIATURA
401,UNIFAL-MG,CIENCIAS BIOLOGICAS,LICENCIATURA
1338,UEMG,ARTES VISUAIS,LICENCIATURA
1420,UFMG,EDUCACAO CIENTIFICA: EDUCACAO NAO FORMAL EM CIENCIA E TECNOLOGIA,APERFEIÇOAMENTO
1009,UNIMONTES,CULTURA E HISTORIAS DOS POVOS INDIGENAS,APERFEIÇOAMENTO
1717,UNIMONTES,LINGUISTICA APLICADA AO ENSINO DE LINGUA INGLESA,ESPECIALIZAÇÃO
1452,UEMG,ADMINISTRACAO PUBLICA,BACHARELADO
1163,UFJF,MIDIAS NA EDUCACAO,ESPECIALIZAÇÃO
1133,UFLA,FILOSOFIA,LICENCIATURA
1134,UFLA,LETRAS INGLES,LICENCIATURA
1136,UFLA,LETRAS PORTUGUES,LICENCIATURA
1135,UFLA,PEDAGOGIA,LICENCIATURA
1698,UNIFEI,GESTAO EDUCACIONAL,ESPECIALIZAÇÃO
1706,UNIFEI,"TECNOLOGIAS, FORMACAO DE PROFESSORES E SOCIEDADE",ESPECIALIZAÇÃO
1454,UEMG,GESTAO PUBLICA MUNICIPAL,ESPECIALIZAÇÃO
297,UFLA,ADMINISTRACAO - PILOTO,BACHARELADO
985,UFMG,EDUCACAO E SAUDE,APERFEIÇOAMENTO
301,UFMG,GENERO E DIVERSIDADE NA ESCOLA,APERFEIÇOAMENTO
74,UFMG,GEOGRAFIA,BACHARELADO
150,UFSJ,EDUCACAO EMPREENDEDORA,ESPECIALIZAÇÃO
151,UFSJ,PRATICAS DE LETRAMENTO E ALFABETIZACAO,ESPECIALIZAÇÃO
402,UNIFAL-MG,QUIMICA,LICENCIATURA
839,UFJF,GESTAO EM SAUDE,ESPECIALIZAÇÃO
840,UFJF,GESTAO PUBLICA MUNICIPAL,ESPECIALIZAÇÃO
76,UFMG,ENSINO DE CIENCIAS POR INVESTIGACAO,ESPECIALIZAÇÃO
314,UFOP,EDUCACAO PARA A DIVERSIDADE E CIDADANIA,APERFEIÇOAMENTO
315,UFOP,GENERO E DIVERSIDADE NA ESCOLA,APERFEIÇOAMENTO
1277,UFMG,EDUCACAO DE JOVENS E ADULTOS NA DIVERSIDADE,APERFEIÇOAMENTO
999,UFMG,EDUCACAO EM DIREITOS HUMANOS,APERFEIÇOAMENTO
1630,UNIMONTES,ENSINO DE FILOSOFIA NO ENSINO MEDIO,ESPECIALIZAÇÃO
1748,UNIMONTES,LINGUA ESPANHOLA,ESPECIALIZAÇÃO
1720,UNIMONTES,MEIO AMBIENTE E DESENVOLVIMENTO,ESPECIALIZAÇÃO
1006,UNIMONTES,PRODUCAO DE MATERIAL DIDATICO PARA A DIVERSIDADE,APERFEIÇOAMENTO
6,IFMT,TECNOLOGIA EM SISTEMA PARA INTERNET,TECNOLOGO
144,UFSC,LETRAS PORTUGUES,LICENCIATURA
1230,UFVJM,FISICA,LICENCIATURA
1232,UFVJM,QUIMICA,LICENCIATURA
1768,UFLA,PRODUCAO DE MATERIAL DIDATICO UTILIZANDO O LINUX EDUCACIONAL,ESPECIALIZAÇÃO
1475,UFSJ,GESTAO PUBLICA MUNICIPAL,ESPECIALIZAÇÃO
374,UFSJ,MATEMATICA,ESPECIALIZAÇÃO
1175,UFSJ,MIDIAS NA EDUCACAO,ESPECIALIZAÇÃO
292,UFJF,FISICA,LICENCIATURA
1220,UFMG,GESTAO DE POLITICAS PUBLICAS EM GENERO E RACA,EXTENSÃO
1406,UFJF,EDUCACAO FISICA,LICENCIATURA
1495,UFJF,GESTAO PUBLICA,ESPECIALIZAÇÃO
295,UFJF,MATEMATICA,LICENCIATURA
554,UFJF,QUIMICA,LICENCIATURA
372,UFSJ,EDUCACAO AMBIENTAL,APERFEIÇOAMENTO
373,UFSJ,EDUCACAO ETNICO-RACIAL,APERFEIÇOAMENTO
1546,UFJF,TECNOLOGIAS DIGITAIS DE INFORMACAO E COMUNICACAO PARA O ENSINO BASICO ,ESPECIALIZAÇÃO
922,UFOP,EDUCACAO AMBIENTAL,APERFEIÇOAMENTO
1000,UFOP,EDUCACAO EM DIREITOS HUMANOS,APERFEIÇOAMENTO
1207,UFV,GESTAO DE POLITICAS PUBLICAS EM GENERO E RACA,ESPECIALIZAÇÃO
890,UFSJ,ADMINISTRACAO PUBLICA,BACHARELADO
848,UNIMONTES,ADMINISTRACAO PUBLICA,BACHARELADO
414,UNIMONTES,EDUCACAO DO CAMPO,ESPECIALIZAÇÃO
418,UNIMONTES,GENERO E DIVERSIDADE NA ESCOLA,APERFEIÇOAMENTO
1747,UNIMONTES,GESTAO ESCOLAR,ESPECIALIZAÇÃO
850,UNIMONTES,GESTAO PUBLICA,ESPECIALIZAÇÃO
852,UNIMONTES,GESTAO PUBLICA MUNICIPAL,ESPECIALIZAÇÃO
421,UNIMONTES,LETRAS ESPANHOL,LICENCIATURA
424,UNIMONTES,PEDAGOGIA,LICENCIATURA
1700,UFVJM,ENSINO DE CIENCIAS (CIENCIA E 10!),ESPECIALIZAÇÃO
1624,UFVJM,ENSINO DE FILOSOFIA NO ENSINO MEDIO,ESPECIALIZAÇÃO
1647,UFVJM,ENSINO DE GEOGRAFIA,ESPECIALIZAÇÃO
1654,UFVJM,ENSINO DE MATEMATICA NO ENSINO MEDIO,ESPECIALIZAÇÃO
1741,UFVJM,ENSINO DE SOCIOLOGIA NO ENSINO MEDIO,ESPECIALIZAÇÃO
1558,IFNMG,INFORMATICA NA EDUCACAO,ESPECIALIZAÇÃO
979,UFMG,EDUCACAO INTEGRAL E INTEGRADA,APERFEIÇOAMENTO
1474,UFSJ,GESTAO PUBLICA,ESPECIALIZAÇÃO
1488,UFVJM,ADMINISTRACAO PUBLICA,BACHARELADO
1489,UFVJM,GESTAO PUBLICA MUNICIPAL,ESPECIALIZAÇÃO
835,UFU,ADMINISTRACAO PUBLICA,BACHARELADO
1342,UFU,LETRAS ESPANHOL,LICENCIATURA
1343,UFU,LETRAS INGLES,LICENCIATURA
1174,UFU,MIDIAS NA EDUCACAO,ESPECIALIZAÇÃO
381,UFU,PEDAGOGIA,LICENCIATURA
1752,UNIMONTES,EDUCACAO A DISTANCIA,ESPECIALIZAÇÃO
177,UNIRIO,EDUCACAO ESPECIAL,ESPECIALIZAÇÃO
1540,UNIRIO,EDUCACAO ESPECIAL: DEFICIENCIA AUDITIVA/SURDEZ,ESPECIALIZAÇÃO
1539,UNIRIO,EDUCACAO ESPECIAL: DEFICIENCIA MENTAL,ESPECIALIZAÇÃO
1541,UNIRIO,EDUCACAO ESPECIAL: DEFICIENCIA VISUAL,ESPECIALIZAÇÃO
1329,IF - Triangulo,MATEMATICA,LICENCIATURA
787,UEMS,ADMINISTRACAO PUBLICA,BACHARELADO
231,UEMS,EDUCACAO INTEGRAL E INTEGRADA,APERFEIÇOAMENTO
1455,UEMS,GESTAO EM SAUDE,ESPECIALIZAÇÃO
1456,UEMS,GESTAO PUBLICA,ESPECIALIZAÇÃO
788,UEMS,GESTAO PUBLICA MUNICIPAL,ESPECIALIZAÇÃO
1422,UFMS,ADMINISTRACAO,BACHARELADO
82,UFMS,ADMINISTRACAO - PILOTO,BACHARELADO
304,UFMS,CIENCIAS BIOLOGICAS,LICENCIATURA
990,UFMS,CULTURA E HISTORIAS DOS POVOS INDIGENAS,APERFEIÇOAMENTO
1311,UFMS,EDUCACAO AMBIENTAL,ESPECIALIZAÇÃO
306,UFMS,EDUCACAO DO CAMPO,ESPECIALIZAÇÃO
307,UFMS,EDUCACAO EM SAUDE,ESPECIALIZAÇÃO
1303,UFMS,EDUCACAO E SAUDE,EXTENSÃO
1137,UFMS,EDUCACAO PARA A DIVERSIDADE E CIDADANIA,APERFEIÇOAMENTO
308,UFMS,GENERO E DIVERSIDADE NA ESCOLA,APERFEIÇOAMENTO
630,UFMS,GEOGRAFIA,LICENCIATURA
83,UFMS,LETRAS PORTUGUES E ESPANHOL,LICENCIATURA
84,UFMS,MATEMATICA,LICENCIATURA
961,UFMS,MEDIADORES DE LEITURA,APERFEIÇOAMENTO
1171,UFMS,MIDIAS NA EDUCACAO,ESPECIALIZAÇÃO
85,UFMS,PEDAGOGIA,LICENCIATURA
1304,UFMS,PRODUCAO DE MATERIAL DIDATICO PARA A DIVERSIDADE,APERFEIÇOAMENTO
1108,UFGD,COMPUTACAO,LICENCIATURA
1642,UFGD,ENSINO DE MATEMATICA NO ENSINO MEDIO,ESPECIALIZAÇÃO
868,UFMS,ADMINISTRACAO PUBLICA,BACHARELADO
1024,UFMS,EDUCACAO AMBIENTAL,APERFEIÇOAMENTO
305,UFMS,EDUCACAO DE JOVENS E ADULTOS,APERFEIÇOAMENTO
1410,UFMS,EDUCACAO DE JOVENS E ADULTOS,ESPECIALIZAÇÃO
996,UFMS,EDUCACAO EM DIREITOS HUMANOS,APERFEIÇOAMENTO
936,UFMS,EDUCACAO PARA AS RELACOES ETNICORRACIAIS,APERFEIÇOAMENTO
1229,UFMS,GESTAO DE POLITICAS PUBLICAS EM GENERO E RACA,ESPECIALIZAÇÃO
870,UFMS,GESTAO EM SAUDE,ESPECIALIZAÇÃO
1140,UFMS,GESTAO PUBLICA,ESPECIALIZAÇÃO
869,UFMS,GESTAO PUBLICA MUNICIPAL,ESPECIALIZAÇÃO
1180,UFMS,MIDIAS NA EDUCACAO,EXTENSÃO
1687,UFGD,ENSINO DE CIENCIAS (CIENCIA E 10!),ESPECIALIZAÇÃO
1781,UFGD,FISICA,LICENCIATURA
1112,UFGD,PEDAGOGIA,LICENCIATURA
230,UEMS,EDUCACAO ESPECIAL,ESPECIALIZAÇÃO
232,UEMS,EDUCACAO PARA A DIVERSIDADE E CIDADANIA,APERFEIÇOAMENTO
1318,UFMS,ESTATUTO DA CRIANCA E DO ADOLESCENTE,EXTENSÃO
137,UFSC,CIENCIAS CONTABEIS,BACHARELADO
368,UFSC,CONTROLE DA GESTAO PUBLICA,ESPECIALIZAÇÃO
5,IFMT,QUIMICA,LICENCIATURA
442,UFMT,ADMINISTRACAO,BACHARELADO
311,UFMT,EDUCACAO PARA AS RELACOES ETNICORRACIAIS,APERFEIÇOAMENTO
946,UFMT,GENERO E DIVERSIDADE NA ESCOLA,APERFEIÇOAMENTO
89,UFMT,PEDAGOGIA,LICENCIATURA
800,UNEMAT,ADMINISTRACAO PUBLICA,BACHARELADO
804,UNEMAT,GESTAO EM SAUDE,ESPECIALIZAÇÃO
801,UNEMAT,GESTAO PUBLICA,ESPECIALIZAÇÃO
803,UNEMAT,GESTAO PUBLICA MUNICIPAL,ESPECIALIZAÇÃO
1434,UNEMAT,LETRAS INGLES,LICENCIATURA
88,UFMT,CIENCIAS NATURAIS E MATEMATICA,LICENCIATURA
312,UFMT,INFORMATICA NA EDUCACAO,ESPECIALIZAÇÃO
1530,UFMT," LETRAS LINGUA PORTUGUESA, LINGUA ESPANHOLA E RESPECTIVAS LITERATURAS",LICENCIATURA
1289,UFMT,PRODUCAO DE MATERIAL DIDATICO PARA A DIVERSIDADE,APERFEIÇOAMENTO
810,UFMT,ADMINISTRACAO PUBLICA,BACHARELADO
882,UFMT,GESTAO EM SAUDE,ESPECIALIZAÇÃO
809,UFMT,GESTAO PUBLICA,ESPECIALIZAÇÃO
1496,UFMT,GESTAO PUBLICA MUNICIPAL,ESPECIALIZAÇÃO
1531,UFMT,"LETRAS LINGUA PORTUGUESA, LINGUA INGLESA E RESPECTIVAS LITERATURAS",LICENCIATURA
310,UFMT,EDUCACAO AMBIENTAL,APERFEIÇOAMENTO
796,UFPA,ADMINISTRACAO PUBLICA,BACHARELADO
318,UFPA,GENERO E DIVERSIDADE NA ESCOLA,APERFEIÇOAMENTO
96,UFPA,LETRAS PORTUGUES,LICENCIATURA
190,IFPA,EDUCACAO AMBIENTAL,APERFEIÇOAMENTO
191,IFPA,EDUCACAO DO CAMPO,ESPECIALIZAÇÃO
192,IFPA,EDUCACAO ETNICO-RACIAL,APERFEIÇOAMENTO
193,IFPA,EDUCACAO INTEGRAL E INTEGRADA,APERFEIÇOAMENTO
194,IFPA,EDUCACAO PARA A DIVERSIDADE E CIDADANIA,APERFEIÇOAMENTO
195,IFPA,GENERO E DIVERSIDADE NA ESCOLA,APERFEIÇOAMENTO
9,IFPA,GEOGRAFIA,LICENCIATURA
988,IFPA,EDUCACAO EM DIREITOS HUMANOS,APERFEIÇOAMENTO
238,UEPA,PEDAGOGIA,LICENCIATURA
1312,UFPA,EDUCACAO AMBIENTAL,EXTENSÃO
1435,UFPA,FÍSICA,LICENCIATURA
1147,UFPA,MIDIAS NA EDUCACAO,ESPECIALIZAÇÃO
518,UFPA,QUIMICA,LICENCIATURA
7,IFPA,BIOLOGIA,LICENCIATURA
10,IFPA,MATEMATICA,LICENCIATURA
798,UFPA,GESTAO EM SAUDE,ESPECIALIZAÇÃO
237,UEPA,MATEMATICA,LICENCIATURA
8,IFPA,FISICA,LICENCIATURA
95,UFPA,BIOLOGIA,LICENCIATURA
797,UFPA,GESTAO PUBLICA,ESPECIALIZAÇÃO
966,UFPA,PRODUCAO DE MATERIAL DIDATICO PARA A DIVERSIDADE,APERFEIÇOAMENTO
235,UEPA,"CIENCIAS NATURAIS - HABILITACAO: BIOLOGIA, FISICA E QUIMICA",LICENCIATURA
12,IFPA,QUIMICA,LICENCIATURA
322,UFPB,CIENCIAS NATURAIS,LICENCIATURA
822,UFPB,GESTAO PUBLICA MUNICIPAL,ESPECIALIZAÇÃO
1782,UFPB,LETRAS LINGUA ESPANHOLA,LICENCIATURA
100,UFPB,PEDAGOGIA,LICENCIATURA
1447,IFPB,ADMINISTRACAO PUBLICA,BACHARELADO
903,UFPB,EDUCACAO DE JOVENS E ADULTOS,APERFEIÇOAMENTO
950,UFPB,EDUCACAO DO CAMPO,ESPECIALIZAÇÃO
995,UFPB,EDUCACAO EM DIREITOS HUMANOS,APERFEIÇOAMENTO
913,UFPB,EDUCACAO PARA A DIVERSIDADE,APERFEIÇOAMENTO
1644,UFPB,ENSINO DE MATEMATICA NO ENSINO MEDIO,ESPECIALIZAÇÃO
323,UFPB,GENERO E DIVERSIDADE NA ESCOLA,APERFEIÇOAMENTO
1414,UFPB,PRODUCAO DE MATERIAL DIDATICO PARA A DIVERSIDADE,APERFEIÇOAMENTO
1534,IFPB,COMPUTACAO,LICENCIATURA
1448,IFPB,GESTAO PUBLICA,ESPECIALIZAÇÃO
1470,UFPB,GESTAO PUBLICA,ESPECIALIZAÇÃO
1672,IFPB,ENSINO DE CIENCIAS (CIENCIA E 10!),ESPECIALIZAÇÃO
196,IFRN,EDUCACAO AMBIENTAL E GEOGRAFIA DO SEMI-ARIDO NUMA ABORDAGEM INTERDISCIPLINAR,ESPECIALIZAÇÃO
198,IFRN,LITERATURA E ENSINO,ESPECIALIZAÇÃO
199,IFRN,O ENSINO DE LINGUA PORTUGUESA E MATEMATICA NUMA ABORDAGEM TRANSDISCIPLINAR,ESPECIALIZAÇÃO
240,UEPB,GEOGRAFIA,LICENCIATURA
1234,UFPB,GESTAO DE POLITICAS PUBLICAS EM GENERO E RACA,ESPECIALIZAÇÃO
874,UEPB,ADMINISTRACAO PUBLICA,BACHARELADO
857,IFPE,GESTAO PUBLICA,ESPECIALIZAÇÃO
329,UFPE,LETRAS PORTUGUES,LICENCIATURA
1160,UFPE,MIDIAS NA EDUCACAO,EXTENSÃO
932,UFRPE,EDUCACAO PARA AS RELACOES ETNICORRACIAIS,APERFEIÇOAMENTO
357,UFRPE,GENERO E DIVERSIDADE NA ESCOLA,APERFEIÇOAMENTO
1042,UFRPE,PEDAGOGIA,LICENCIATURA
326,UFPE,GENERO E DIVERSIDADE NA ESCOLA,APERFEIÇOAMENTO
984,UFRPE,CULTURA E HISTORIAS DOS POVOS INDIGENAS,APERFEIÇOAMENTO
1330,UFRPE,EDUCACAO DO CAMPO,ESPECIALIZAÇÃO
1019,UFRPE,EDUCACAO EM DIREITOS HUMANOS,APERFEIÇOAMENTO
356,UFRPE,FISICA,LICENCIATURA
1016,UFRPE,GESTAO PUBLICA,ESPECIALIZAÇÃO
1017,UFRPE,GESTAO PUBLICA MUNICIPAL,ESPECIALIZAÇÃO
958,UFRPE, MEDIADORES DE LEITURA,APERFEIÇOAMENTO
952,UFRPE,PRATICAS PEDAGOGICAS EM EDUCACAO DO CAMPO,APERFEIÇOAMENTO
102,UFPE,ENSINO DE CIENCIAS,ESPECIALIZAÇÃO
328,UFPE,LETRAS ESPANHOL,LICENCIATURA
327,UFPE,POLITICA E GESTAO EDUCACIONAL EM REDES PUBLICAS,ESPECIALIZAÇÃO
968,UFRPE,PRODUCAO DE MATERIAL DIDATICO PARA A DIVERSIDADE,APERFEIÇOAMENTO
429,UPE,EDUCACAO ETNICO-RACIAL,APERFEIÇOAMENTO
325,UFPE,DIDATICO-PEDAGOGICA PARA EDUCACAO EM ENFERMAGEM,ESPECIALIZAÇÃO
1284,UFPE,EDUCACAO  EM DIREITOS HUMANOS,EXTENSÃO
906,UFRPE,EDUCACAO DE JOVENS E ADULTOS ,APERFEIÇOAMENTO
907,UFRPE,EDUCACAO PARA A DIVERSIDADE,APERFEIÇOAMENTO
1033,UFRPE,LETRAS PORTUGUES,LICENCIATURA
1351,UFRPE,MÍDIAS NA EDUCACAO,ESPECIALIZAÇÃO
1210,UFPE,GESTAO DE POLITICAS PUBLICAS EM GENERO E RACA,EXTENSÃO
1161,UFPE,MIDIAS NA EDUCACAO,ESPECIALIZAÇÃO
1491,UNIVASF,ADMINISTRACAO PUBLICA,BACHARELADO
1767,UNIVASF,CIENCIAS BIOLOGICAS,LICENCIATURA
1771,UNIVASF,EDUCACAO FISICA,LICENCIATURA
1776,UNIVASF,ENSINO DE QUIMICA E BIOLOGIA,ESPECIALIZAÇÃO
1492,UNIVASF,GESTAO EM SAUDE,ESPECIALIZAÇÃO
261,UESPI,LETRAS ESPANHOL,LICENCIATURA
618,UESPI,LETRAS PORTUGUES,LICENCIATURA
1594,UESPI,LINGUA ESPANHOLA ,ESPECIALIZAÇÃO
619,UESPI,PEDAGOGIA,LICENCIATURA
443,UFPI,ADMINISTRACAO,BACHARELADO
107,UFPI,ADMINISTRACAO - PILOTO,BACHARELADO
834,UFPI,ADMINISTRACAO PUBLICA,BACHARELADO
1614,UFPI,ENSINO DE FILOSOFIA NO ENSINO MEDIO,ESPECIALIZAÇÃO
110,UFPI,FILOSOFIA,LICENCIATURA
111,UFPI,FISICA,LICENCIATURA
1580,UFPI,FISICA,ESPECIALIZAÇÃO
336,UFPI,GENERO E DIVERSIDADE NA ESCOLA,APERFEIÇOAMENTO
832,UFPI,GESTAO EM SAUDE,ESPECIALIZAÇÃO
833,UFPI,GESTAO PUBLICA,ESPECIALIZAÇÃO
831,UFPI,GESTAO PUBLICA MUNICIPAL,ESPECIALIZAÇÃO
1040,UFPI,LETRAS INGLES,LICENCIATURA
112,UFPI,MATEMATICA,LICENCIATURA
113,UFPI,PEDAGOGIA,LICENCIATURA
108,UFPI,SISTEMAS DE INFORMACAO,BACHARELADO
1597,UESPI,BIODIVERSIDADE,ESPECIALIZAÇÃO
1589,UESPI,EDUCACAO INFANTIL,ESPECIALIZAÇÃO
1681,UESPI,ENSINO DE CIENCIAS (CIENCIA E 10!),ESPECIALIZAÇÃO
1637,UESPI,ENSINO DE MATEMATICA NO ENSINO MEDIO,ESPECIALIZAÇÃO
1600,UESPI,GESTAO E EDUCACAO AMBIENTAL,ESPECIALIZAÇÃO
623,UESPI,GESTAO EM SAUDE,ESPECIALIZAÇÃO
1667,UESPI,HISTORIA,LICENCIATURA
1591,UESPI,HISTORIA E CULTURA,ESPECIALIZAÇÃO
109,UFPI,BIOLOGIA,LICENCIATURA
1593,UFPI,CIENCIAS DA NATUREZA,LICENCIATURA
1778,UFPI,ECOLOGIA,ESPECIALIZAÇÃO
930,UFPI,EDUCACAO PARA AS RELACOES ETNICORRACIAIS,APERFEIÇOAMENTO
1570,UFPI,EDUCACAO PERMANENTE PARA ESTRATEGIA SAUDE DA FAMILIA,ESPECIALIZAÇÃO
1590,UFPI,GEOGRAFIA,LICENCIATURA
1235,UFPI,GESTAO DE POLITICAS PUBLICAS EM GENERO E RACA,ESPECIALIZAÇÃO
1592,UFPI,LINGUA BRASILEIRA DE SINAIS,ESPECIALIZAÇÃO
754,UESPI,ADMINISTRACAO PUBLICA,BACHARELADO
622,UESPI,GESTAO PUBLICA MUNICIPAL,ESPECIALIZAÇÃO
1690,UFPI,ENSINO DE CIENCIAS (CIENCIA E 10!),ESPECIALIZAÇÃO
1645,UFPI,ENSINO DE MATEMATICA NO ENSINO MEDIO,ESPECIALIZAÇÃO
1168,UFPI,MIDIAS NA EDUCACAO,ESPECIALIZAÇÃO
1628,UESPI,GESTAO EDUCACIONAL,ESPECIALIZAÇÃO
616,UESPI,LETRAS INGLES,LICENCIATURA
1651,UESPI,LINGUA BRASILEIRA DE SINAIS - LIBRAS,ESPECIALIZAÇÃO
1574,UFPI,ENSINO DE QUIMICA,ESPECIALIZAÇÃO
1236,UFPI,GESTAO DE POLITICAS PUBLICAS EM GENERO E RACA,EXTENSÃO
1595,UFPI,HISTORIA,LICENCIATURA
114,UFPI,QUIMICA,LICENCIATURA
621,UESPI,GESTAO PUBLICA,ESPECIALIZAÇÃO
1039,UFPI,LETRAS PORTUGUES,LICENCIATURA
1728,UESPI,ENSINO DE SOCIOLOGIA NO ENSINO MEDIO,ESPECIALIZAÇÃO
1582,UFPI,GESTAO EDUCACIONAL EM REDE,ESPECIALIZAÇÃO
1584,UFPI,HISTORIA SOCIAL DA CULTURA,ESPECIALIZAÇÃO
1586,UFPI,INFORMATICA NA EDUCACAO,ESPECIALIZAÇÃO
1764,UFPI,ALFABETIZACAO E LETRAMENTO,ESPECIALIZAÇÃO
1587,UFPI,COMPUTACAO,LICENCIATURA
617,UESPI,CIENCIAS BIOLOGICAS,LICENCIATURA
1608,UESPI,ENSINO DE FILOSOFIA NO ENSINO MEDIO,ESPECIALIZAÇÃO
1734,UFPI,ENSINO DE SOCIOLOGIA NO ENSINO MEDIO,ESPECIALIZAÇÃO
1701,UESPI,MATEMATICA,LICENCIATURA
1769,UNIVASF,PEDAGOGIA,LICENCIATURA
1598,UESPI,ESTUDOS LINGUISTICOS E LITERARIOS,ESPECIALIZAÇÃO
1662,UESPI,LINGUA PORTUGUESA,ESPECIALIZAÇÃO
775,UEM,ADMINISTRACAO PUBLICA,BACHARELADO
219,UEM,CIENCIAS BIOLOGICAS,LICENCIATURA
1254,UEM,GENERO E DIVERSIDADE NA ESCOLA,ESPECIALIZAÇÃO
776,UEM,GESTAO EM SAUDE,ESPECIALIZAÇÃO
778,UEM,GESTAO PUBLICA,ESPECIALIZAÇÃO
777,UEM,GESTAO PUBLICA MUNICIPAL,ESPECIALIZAÇÃO
221,UEM,HISTORIA,LICENCIATURA
222,UEM,LETRAS PORTUGUES INGLES,LICENCIATURA
223,UEM,PEDAGOGIA,LICENCIATURA
1423,UEM,PEDAGOGIA - COMPLEMENTACAO,FORMAÇÃO PEDAGÓGICA
243,UEPG,EDUCACAO FISICA ESCOLAR,ESPECIALIZAÇÃO
245,UEPG,GENERO E DIVERSIDADE NA ESCOLA,APERFEIÇOAMENTO
399,UNICENTRO,GESTAO ESCOLAR,ESPECIALIZAÇÃO
1568,UEL,EDUCACAO FISICA INCLUSIVA,ESPECIALIZAÇÃO
1581,UEL,TECNOLOGIA DE INFORMATICA NA EDUCACAO,ESPECIALIZAÇÃO
218,UEM,ADMINISTRACAO - PILOTO,BACHARELADO
220,UEM,FISICA,LICENCIATURA
115,UFPR,SAUDE PARA PROFESSORES DA EDUCACAO FUNDAMENTAL E MEDIO,ESPECIALIZAÇÃO
140,UFSC,FORMACAO DE PROFESSORES PARA TRADUCAO LITERARIA,ESPECIALIZAÇÃO
143,UFSC,LETRAS ESPANHOL,LICENCIATURA
963,UNESP,MEDIADORES DE LEITURA,APERFEIÇOAMENTO
1575,UEL,BIOLOGIA,ESPECIALIZAÇÃO
1573,UEL,EDUCACAO MUSICAL,ESPECIALIZAÇÃO
1577,UEL,IMAGENS E ENSINO DE HISTORIA,ESPECIALIZAÇÃO
1579,UEL,QUIMICA PARA A EDUCACAO BASICA,ESPECIALIZAÇÃO
242,UEPG,EDUCACAO FISICA,LICENCIATURA
244,UEPG,EDUCACAO MATEMATICA: DIMENSOES TEORICO/METODOLOGICAS,ESPECIALIZAÇÃO
246,UEPG,GEOGRAFIA,LICENCIATURA
247,UEPG,GESTAO EDUCACIONAL: ORGANIZACAO ESCOLAR E TRABALHO PEDAGOGICO,ESPECIALIZAÇÃO
249,UEPG,"HISTORIA, ARTE E CULTURA",ESPECIALIZAÇÃO
251,UEPG,LETRAS PORTUGUES E ESPANHOL,LICENCIATURA
341,UFPR,EDUCACAO DO CAMPO,ESPECIALIZAÇÃO
344,UFPR,GENETICA PARA PROFESSORES DO ENSINO MEDIO,ESPECIALIZAÇÃO
139,UFSC,CONTROLE DA GESTAO PUBLICA MUNICIPAL,ESPECIALIZAÇÃO
153,UFSM,EDUCACAO ESPECIAL,LICENCIATURA
1665,UNICENTRO,ATIVIDADE FISICA E SAUDE,ESPECIALIZAÇÃO
1655,UNICENTRO,ENSINO DE MATEMATICA NO ENSINO MEDIO,ESPECIALIZAÇÃO
1569,UEL,EDUCACAO FISICA NA EDUCACAO BASICA,ESPECIALIZAÇÃO
20,IFSC,GESTAO PUBLICA,TECNOLOGO
846,UFPR,ADMINISTRACAO PUBLICA,BACHARELADO
1001,UFPR,EDUCACAO EM DIREITOS HUMANOS,APERFEIÇOAMENTO
608,UFPR,GESTAO EM SAUDE,ESPECIALIZAÇÃO
607,UFPR,GESTAO PUBLICA,ESPECIALIZAÇÃO
606,UFPR,GESTAO PUBLICA MUNICIPAL,ESPECIALIZAÇÃO
1185,UFPR,MIDIAS NA EDUCACAO,APERFEIÇOAMENTO
1189,UFPR,MIDIAS NA EDUCACAO,ESPECIALIZAÇÃO
365,UFSC,FORMACAO DE PROFESSORES EM MATEMATICA,ESPECIALIZAÇÃO
376,UFSM,SOCIOLOGIA,LICENCIATURA
180,UTFPR,EDUCACAO: METODOS E TECNICAS DE ENSINO,ESPECIALIZAÇÃO
431,UTFPR,ENSINO DE CIENCIAS,ESPECIALIZAÇÃO
1757,UTFPR,INFORMATICA INSTRUMENTAL APLICADA A EDUCACAO,ESPECIALIZAÇÃO
726,UEPG,ADMINISTRACAO PUBLICA,BACHARELADO
724,UEPG,GESTAO EM SAUDE,ESPECIALIZAÇÃO
723,UEPG,GESTAO PUBLICA,ESPECIALIZAÇÃO
725,UEPG,GESTAO PUBLICA MUNICIPAL,ESPECIALIZAÇÃO
248,UEPG,HISTORIA,LICENCIATURA
253,UEPG,PEDAGOGIA,LICENCIATURA
1425,UEPG,PEDAGOGIA - COMPLEMENTACAO,FORMAÇÃO PEDAGÓGICA
105,UFPEL,MATEMATICA,LICENCIATURA
142,UFSC,FILOSOFIA,LICENCIATURA
1529,UNICENTRO,CIENCIAS BIOLOGICAS,LICENCIATURA
345,UFPR,PEDAGOGIA,LICENCIATURA
702,UNICENTRO,ADMINISTRACAO PUBLICA,BACHARELADO
693,UNICENTRO,ARTES,LICENCIATURA
1666,UNICENTRO,EDUCACAO E FORMACAO EMPREENDEDORA,ESPECIALIZAÇÃO
1626,UNICENTRO,ENSINO DE FILOSOFIA NO ENSINO MEDIO,ESPECIALIZAÇÃO
811,UNICENTRO,GESTAO EM SAUDE,ESPECIALIZAÇÃO
700,UNICENTRO,GESTAO PUBLICA,ESPECIALIZAÇÃO
701,UNICENTRO,GESTAO PUBLICA MUNICIPAL,ESPECIALIZAÇÃO
1424,UNICENTRO,PEDAGOGIA - COMPLEMENTACAO,FORMAÇÃO PEDAGÓGICA
332,UFPEL,LETRAS ESPANHOL,LICENCIATURA
106,UFPEL,PEDAGOGIA,LICENCIATURA
1293,UFPR,EDUCACAO AMBIENTAL,ESPECIALIZAÇÃO
340,UFPR,EDUCACAO DE JOVENS E ADULTOS,APERFEIÇOAMENTO
1292,UFPR,EDUCACAO EM DIREITOS HUMANOS,ESPECIALIZAÇÃO
343,UFPR,EDUCACAO INTEGRAL E INTEGRADA,APERFEIÇOAMENTO
1691,UFPR,ENSINO DE CIENCIAS (CIENCIA E 10!),ESPECIALIZAÇÃO
1615,UFPR,ENSINO DE FILOSOFIA NO ENSINO MEDIO,ESPECIALIZAÇÃO
1291,UFPR,GENERO E DIVERSIDADE NA ESCOLA,EXTENSÃO
1668,UNICENTRO,LIBRAS,ESPECIALIZAÇÃO
1429,UEL,PEDAGOGIA - COMPLEMENTACAO,FORMAÇÃO PEDAGÓGICA
941,UFPR,EDUCACAO PARA AS RELACOES ETNICORRACIAIS,APERFEIÇOAMENTO
813,UTFPR,GESTAO PUBLICA,ESPECIALIZAÇÃO
338,UFPR,EDUCACAO AMBIENTAL,APERFEIÇOAMENTO
141,UFSC,CIENCIAS BIOLOGICAS,LICENCIATURA
1195,UNICENTRO,MIDIAS NA EDUCACAO,ESPECIALIZAÇÃO
690,UNICENTRO,PEDAGOGIA,LICENCIATURA
18,CEFET-RJ,EDUCACAO TECNOLOGICA,ESPECIALIZAÇÃO
234,UENF,QUIMICA,LICENCIATURA
255,UERJ,PEDAGOGIA,LICENCIATURA
278,UFF,EDUCACAO ETNICO-RACIAL,APERFEIÇOAMENTO
64,UFF,EMPREENDEDORISMO E INOVACAO,SEQUENCIAL
1286,UFF,ESTATUTO DA CRIANCA E DO ADOLESCENTE,EXTENSÃO
843,UFF,GESTAO PUBLICA,ESPECIALIZAÇÃO
63,UFF,MATEMATICA,LICENCIATURA
65,UFF,TECNOLOGIA EM SISTEMAS DE COMPUTACAO,TECNOLOGO
117,UFRJ,CIENCIAS BIOLOGICAS,LICENCIATURA
118,UFRJ,FISICA,LICENCIATURA
119,UFRJ,QUIMICA,LICENCIATURA
126,UFRRJ,ADMINISTRACAO,BACHARELADO
359,UFRRJ,TURISMO,LICENCIATURA
233,UENF,CIENCIAS BIOLOGICAS,LICENCIATURA
841,UFF,ADMINISTRACAO PUBLICA,BACHARELADO
276,UFF,EDUCACAO AMBIENTAL,APERFEIÇOAMENTO
1263,UFF,EDUCACAO PARA A DIVERSIDADE,EXTENSÃO
844,UFF,GESTAO EM SAUDE,ESPECIALIZAÇÃO
178,UNIRIO,PEDAGOGIA,LICENCIATURA
426,UNIRIO,HISTORIA,LICENCIATURA
277,UFF,EDUCACAO DE JOVENS E ADULTOS,APERFEIÇOAMENTO
1285,UFF,PRODUCAO DE MATERIAL DIDATICO PARA A DIVERSIDADE,APERFEIÇOAMENTO
786,UNIRIO,GESTAO EM SAUDE,ESPECIALIZAÇÃO
785,UNIRIO,GESTAO PUBLICA MUNICIPAL,ESPECIALIZAÇÃO
1528,UFF,LETRAS PORTUGUES,LICENCIATURA
1693,UFRRJ,ENSINO DE CIENCIAS (CIENCIA E 10!),ESPECIALIZAÇÃO
1618,UFRRJ,ENSINO DE FILOSOFIA NO ENSINO MEDIO,ESPECIALIZAÇÃO
1648,UFRRJ,ENSINO DE MATEMATICA NO ENSINO MEDIO,ESPECIALIZAÇÃO
1736,UFRRJ,ENSINO DE SOCIOLOGIA NO ENSINO MEDIO,ESPECIALIZAÇÃO
427,UNIRIO,MATEMATICA,LICENCIATURA
254,UERJ,CIENCIAS BIOLOGICAS,LICENCIATURA
842,UFF,GESTAO PUBLICA MUNICIPAL,ESPECIALIZAÇÃO
1196,UFRJ,MIDIAS NA EDUCACAO  ,APERFEIÇOAMENTO
19,IFRN,GESTAO AMBIENTAL,TECNOLOGO
639,UFRN,ADMINISTRACAO PUBLICA,BACHARELADO
120,UFRN,CIENCIAS BIOLOGICAS,LICENCIATURA
121,UFRN,FISICA,LICENCIATURA
352,UFRN,GEOGRAFIA,LICENCIATURA
122,UFRN,MATEMATICA,LICENCIATURA
353,UFRN,QUIMICA,LICENCIATURA
1449,IFRN,GESTAO PUBLICA ,ESPECIALIZAÇÃO
636,UFRN,EDUCACAO FISICA,LICENCIATURA
1354,UFRN,EDUCACAO PARA AS RELACOES ETNICORRACIAIS,APERFEIÇOAMENTO
1692,UFRN,ENSINO DE CIENCIAS (CIENCIA E 10!),ESPECIALIZAÇÃO
1735,UFRN,ENSINO DE SOCIOLOGIA NO ENSINO MEDIO,ESPECIALIZAÇÃO
1353,UFRN,GENERO E DIVERSIDADE NA ESCOLA,EXTENSÃO
1355,UFRN,PRODUCAO DE MATERIAL DIDATICO PARA A DIVERSIDADE,EXTENSÃO
1526,UFERSA,COMPUTACAO,LICENCIATURA
1115,UFERSA,MATEMATICA,LICENCIATURA
1441,UERN,LETRAS PORTUGUES,LICENCIATURA
1323,UERN,MIDIAS NA EDUCACAO,EXTENSÃO
1324,UERN,MIDIAS NA EDUCACAO,ESPECIALIZAÇÃO
1617,UFRN,ENSINO DE FILOSOFIA NO ENSINO MEDIO,ESPECIALIZAÇÃO
1646,UFRN,ENSINO DE MATEMATICA NO ENSINO MEDIO,ESPECIALIZAÇÃO
1012,UFRN,GESTAO PUBLICA,ESPECIALIZAÇÃO
1018,UFRN,GESTAO PUBLICA MUNICIPAL,ESPECIALIZAÇÃO
635,UFRN,PEDAGOGIA (SERIES INICIAIS),LICENCIATURA
1471,UFRN,GESTAO EM SAUDE,ESPECIALIZAÇÃO
883,UNIR,ADMINISTRACAO PUBLICA,BACHARELADO
886,UNIR,GESTAO EM SAUDE,ESPECIALIZAÇÃO
887,UNIR,GESTAO PUBLICA,ESPECIALIZAÇÃO
884,UNIR,GESTAO PUBLICA MUNICIPAL,ESPECIALIZAÇÃO
175,UNIR,LETRAS PORTUGUES,LICENCIATURA
176,UNIR,PEDAGOGIA - LICENCIATURA PARA AS SERIES INICIAIS DO ENSINO FUNDAMENTAL,LICENCIATURA
1270,UFRR,EDUCACAO AMBIENTAL,APERFEIÇOAMENTO
1267,UFRR,EDUCACAO DE JOVENS E ADULTOS NA DIVERSIDADE,APERFEIÇOAMENTO
1268,UFRR,EDUCACAO DO CAMPO,EXTENSÃO
1264,UFRR,EDUCACAO PARA A DIVERSIDADE,EXTENSÃO
1274,UFRR,ESTATUTO DA CRIANCA E DO ADOLESCENTE,EXTENSÃO
1271,UFRR,GENERO E DIVERSIDADE NA ESCOLA,EXTENSÃO
125,UFRR,GERENCIA DE CONTEUDO PARA WEB - COM ENFASE EM SOFTWARE LIVRE,SEQUENCIAL
737,UFRR,INFORMATICA,LICENCIATURA
736,UFRR,MATEMATICA,LICENCIATURA
1273,UFRR,MEDIADORES DE LEITURA,EXTENSÃO
1272,UFRR,PRODUCAO DE MATERIAL DIDATICO PARA A DIVERSIDADE,EXTENSÃO
1139,IFRR,LETRAS ESPANHOL,LICENCIATURA
138,UFSC,CIENCIAS ECONOMICAS,BACHARELADO
1560,IFRR,DOCENCIA EM EDUCACAO FISICA ESCOLAR,ESPECIALIZAÇÃO
1559,IFRR,DOCENCIA NA LINGUA ESPANHOLA,ESPECIALIZAÇÃO
1561,IFRR,EDUCACAO: METODOS E TECNICAS DE ENSINO,ESPECIALIZAÇÃO
1549,IFAM,EDUCACAO MUSICAL,ESPECIALIZAÇÃO
1550,IFAM,FILOSOFIA DA EDUCACAO,ESPECIALIZAÇÃO
1499,IFAM,FISICA,LICENCIATURA
1428,IFAM,FORMACAO PEDAGOGICA,FORMAÇÃO PEDAGÓGICA
1551,IFAM,"HISTORIA, CULTURA AFRICANA E AFROBRASILEIRA",ESPECIALIZAÇÃO
1552,IFAM,INFORMATICA NA EDUCACAO,ESPECIALIZAÇÃO
1162,FURG,MIDIAS NA EDUCACAO,ESPECIALIZAÇÃO
1004,UFRGS,MEDIADORES DE LEITURA,APERFEIÇOAMENTO
1316,UFRGS,PRODUCAO DE MATERIAL DIDATICO PARA A DIVERSIDADE,EXTENSÃO
860,UFSM,ADMINISTRACAO PUBLICA,BACHARELADO
375,UFSM,EDUCACAO AMBIENTAL,ESPECIALIZAÇÃO
854,UFSM,GESTAO PUBLICA,ESPECIALIZAÇÃO
159,UFSM,LETRAS PORTUGUES,LICENCIATURA
160,UFSM,PEDAGOGIA,LICENCIATURA
156,UFSM,TIC - APLICACAO A EDUCACAO,ESPECIALIZAÇÃO
331,UFPEL,EDUCACAO DO CAMPO,LICENCIATURA
1241,UFPEL,MIDIAS NA EDUCACAO,ESPECIALIZAÇÃO
1302,UFPEL,PRODUCAO DE MATERIAL DIDATICO PARA A DIVERSIDADE,APERFEIÇOAMENTO
1003,UFRGS,EDUCACAO PARA A DIVERSIDADE,APERFEIÇOAMENTO
116,UFRGS,PLANEJAMENTO E GESTAO PARA O DESENVOLVIMENTO RURAL,TECNOLOGO
200,IFSul,ESPACOS E POSSIBILIDADES PARA EDUCACAO CONTINUADA,ESPECIALIZAÇÃO
17,IFSul,TECNOLOGIA EM SISTEMAS PARA INTERNET A DISTANCIA,TECNOLOGO
1301,UFPEL,EDUCACAO AMBIENTAL,APERFEIÇOAMENTO
1266,UFPEL,EDUCACAO DE JOVENS E ADULTOS NA DIVERSIDADE,APERFEIÇOAMENTO
349,UFRGS,"MATEMATICA, MIDIAS DIGITAIS E DIDATICA: TRIPE NA FORMACAO DO PROFESSOR DE MATEMATICA",ESPECIALIZAÇÃO
1350,UFRGS,MÍDIAS NA EDUCACAO,ESPECIALIZAÇÃO
27,FURG,APLICACOES PARA A WEB,ESPECIALIZAÇÃO
1519,FURG,CIENCIAS,LICENCIATURA
1002,FURG,EDUCACAO EM DIREITOS HUMANOS,ESPECIALIZAÇÃO
206,FURG,ESPECIALIZACAO PARA PROFESSORES DE MATEMATICA,ESPECIALIZAÇÃO
1548,FURG,HISTORIA,LICENCIATURA
29,FURG,TECNOLOGIAS DA INFORMACAO E COMUNICACAO NA EDUCACAO,ESPECIALIZAÇÃO
1300,UFPEL,EDUCACAO PARA AS RELACOES ETNICORRACIAIS,APERFEIÇOAMENTO
1567,UFPEL,FILOSOFIA,LICENCIATURA
1544,UFRGS,DESENVOLVIMENTO RURAL - PLAGEDER,BACHARELADO
1740,UFSM,ENSINO DE SOCIOLOGIA NO ENSINO MEDIO,ESPECIALIZAÇÃO
154,UFSM,GESTAO DE ARQUIVOS,ESPECIALIZAÇÃO
1227,UFSM,GESTAO DE POLITICAS PUBLICAS EM GENERO E RACA,EXTENSÃO
855,UFSM,GESTAO EM SAUDE,ESPECIALIZAÇÃO
853,UFSM,GESTAO PUBLICA MUNICIPAL,ESPECIALIZAÇÃO
1228,UFSM,MIDIAS NA EDUCACAO,ESPECIALIZAÇÃO
1191,IFSul,MIDIAS NA EDUCACAO,ESPECIALIZAÇÃO
1542,UFSM,EFICIENCIA ENERGETICA APLICADA AOS PROCESSOS PRODUTIVOS,ESPECIALIZAÇÃO
152,UFSM,AGRICULTURA FAMILIAR E SUSTENTABILIDADE,TECNOLOGO
1282,UFRGS,EDUCACAO PARA A DIVERSIDADE - AMBIENTE ESCOLAR,APERFEIÇOAMENTO
1622,UFSM,ENSINO DE FILOSOFIA NO ENSINO MEDIO,ESPECIALIZAÇÃO
157,UFSM,FISICA,LICENCIATURA
158,UFSM,LETRAS ESPANHOL,LICENCIATURA
28,FURG,EDUCACAO AMBIENTAL,ESPECIALIZAÇÃO
908,FURG,EDUCACAO DE JOVENS E ADULTOS NA DIVERSIDADE,ESPECIALIZAÇÃO
962,FURG,GENERO E DIVERSIDADE NA ESCOLA,APERFEIÇOAMENTO
1444,FURG,GESTAO PUBLICA MUNICIPAL,ESPECIALIZAÇÃO
1317,FURG,PRODUCAO DE MATERIAL DIDATICO PARA A DIVERSIDADE,APERFEIÇOAMENTO
823,UFRGS,GESTAO EM SAUDE,ESPECIALIZAÇÃO
824,UFRGS,GESTAO PUBLICA,ESPECIALIZAÇÃO
825,UFRGS,GESTAO PUBLICA MUNICIPAL,ESPECIALIZAÇÃO
147,UFSCAR,EDUCACAO MUSICAL,LICENCIATURA
26,FURG,ADMINISTRACAO,BACHARELADO
926,FURG,EDUCACAO AMBIENTAL,APERFEIÇOAMENTO
964,FURG,MEDIADORES DE LEITURA,APERFEIÇOAMENTO
30,FURG,PEDAGOGIA,LICENCIATURA
207,FURG,"RIO GRANDE DO SUL: SOCIEDADE, POLITICA E CULTURA",ESPECIALIZAÇÃO
1522,FURG,LETRAS PORTUGUES - ESPANHOL,LICENCIATURA
1543,UFSM,EDUCACAO FISICA INFANTIL E ANOS INICIAIS,ESPECIALIZAÇÃO
1517,UFSM,FORMACAO DE PROFESSORES PARA A EDUCACAO PROFISSIONAL,FORMAÇÃO PEDAGÓGICA
1602,UFSM,GEOGRAFIA,LICENCIATURA
1722,FURG,ENSINO DE SOCIOLOGIA NO ENSINO MEDIO,ESPECIALIZAÇÃO
559,UFSM,GEOGRAFIA PROLIC II,LICENCIATURA
1198,FURG,MIDIAS NA EDUCACAO,APERFEIÇOAMENTO
502,UFRGS,ARTES VISUAIS - PROLIC II,LICENCIATURA
348,UFRGS,INFORMATICA INSTRUMENTAL PARA PROFESSORES DA EDUCACAO BASICA,ESPECIALIZAÇÃO
510,UFRGS,LETRAS- LINGUA INGLESA PROLIC II,LICENCIATURA
1599,UFRGS,PSICOPEDAGOGIA,ESPECIALIZAÇÃO
878,UFSC,GESTAO PUBLICA,ESPECIALIZAÇÃO
1653,UFSM,ENSINO DE MATEMATICA NO ENSINO MEDIO,ESPECIALIZAÇÃO
879,UFSC,GESTAO PUBLICA MUNICIPAL,ESPECIALIZAÇÃO
370,UFSC,MATEMATICA,LICENCIATURA
1754,UTFPR,ENSINO DE LINGUA PORTUGUESA E LITERATURA,ESPECIALIZAÇÃO
1041,UDESC,PEDAGOGIA,LICENCIATURA
201,IFSC,EDUCACAO DE JOVENS E ADULTOS,APERFEIÇOAMENTO
202,IFSC,ENSINO DE CIENCIAS,ESPECIALIZAÇÃO
366,UFSC,GENERO E DIVERSIDADE NA ESCOLA,APERFEIÇOAMENTO
128,UFS,CIENCIAS BIOLOGICAS,LICENCIATURA
1297,UFS,CULTURA E HISTORIAS DOS POVOS INDIGENAS,APERFEIÇOAMENTO
1298,UFS,EDUCACAO AMBIENTAL,APERFEIÇOAMENTO
1265,UFS,EDUCACAO PARA A DIVERSIDADE,EXTENSÃO
1694,UFS,ENSINO DE CIENCIAS (CIENCIA E 10!),ESPECIALIZAÇÃO
1514,UFS,FILOSOFIA,LICENCIATURA
130,UFS,FISICA,LICENCIATURA
943,UFS,GENERO E DIVERSIDADE NA ESCOLA,APERFEIÇOAMENTO
131,UFS,GEOGRAFIA,LICENCIATURA
1237,UFS,GESTAO DE POLITICAS PUBLICAS EM GENERO E RACA,ESPECIALIZAÇÃO
828,UFS,GESTAO EM SAUDE,ESPECIALIZAÇÃO
829,UFS,GESTAO PUBLICA,ESPECIALIZAÇÃO
830,UFS,GESTAO PUBLICA MUNICIPAL,ESPECIALIZAÇÃO
132,UFS,HISTORIA,LICENCIATURA
1511,UFS,LETRAS ESPANHOL,LICENCIATURA
1513,UFS,LETRAS INGLES,LICENCIATURA
133,UFS,LETRAS PORTUGUES,LICENCIATURA
134,UFS,MATEMATICA,LICENCIATURA
1294,UFS,PRODUCAO DE MATERIAL DIDATICO PARA A DIVERSIDADE,APERFEIÇOAMENTO
135,UFS,QUIMICA,LICENCIATURA
1299,UFS,EDUCACAO EM DIREITOS HUMANOS,EXTENSÃO
1278,UFS,EDUCACAO INTEGRAL E INTEGRADA,EXTENSÃO
1276,UFS,EDUCACAO DE JOVENS E ADULTOS NA DIVERSIDADE,APERFEIÇOAMENTO
1649,UFS,ENSINO DE MATEMATICA NO ENSINO MEDIO,ESPECIALIZAÇÃO
1737,UFS,ENSINO DE SOCIOLOGIA NO ENSINO MEDIO,ESPECIALIZAÇÃO
1296,UFS,ESTATUTO DA CRIANCA E DO ADOLESCENTE,EXTENSÃO
827,UFS,ADMINISTRACAO PUBLICA,BACHARELADO
939,UFSCAR,EDUCACAO PARA AS RELACOES ETNICORRACIAIS,ESPECIALIZAÇÃO
1472,UFSCAR,GESTAO PUBLICA,ESPECIALIZAÇÃO
149,UFSCAR,PEDAGOGIA,LICENCIATURA
146,UFSCAR,SISTEMAS DE INFORMACAO,BACHARELADO
814,UTFPR,GESTAO PUBLICA MUNICIPAL,ESPECIALIZAÇÃO
819,UNESP,GESTAO EM SAUDE,ESPECIALIZAÇÃO
396,UNESP,EDUCACAO PARA A DIVERSIDADE E CIDADANIA,APERFEIÇOAMENTO
975,UNESP,PRODUCAO DE MATERIAL DIDATICO PARA A DIVERSIDADE,APERFEIÇOAMENTO
1650,UFSCAR,ENSINO DE MATEMATICA NO ENSINO MEDIO,ESPECIALIZAÇÃO
148,UFSCAR,TECNOLOGIA SUCROALCOOLEIRA,TECNOLOGO
872,UnB,GESTAO EM SAUDE,ESPECIALIZAÇÃO
262,UFABC,CIENCIA E TECNOLOGIA,ESPECIALIZAÇÃO
1225,UNIFESP,DIAGNOSTICOS PRIMARIOS EM OFTALMOLOGIA,ESPECIALIZAÇÃO
408,UNIFESP,EDUCACAO AMBIENTAL,APERFEIÇOAMENTO
826,UNIFESP,GESTAO EM SAUDE,ESPECIALIZAÇÃO
1480,UNIFESP,GESTAO PUBLICA,ESPECIALIZAÇÃO
1481,UNIFESP,GESTAO PUBLICA MUNICIPAL,ESPECIALIZAÇÃO
397,UNESP,GENERO E DIVERSIDADE NA ESCOLA,APERFEIÇOAMENTO
1620,UFSCAR,ENSINO DE FILOSOFIA NO ENSINO MEDIO,ESPECIALIZAÇÃO
602,IFSC,GESTAO PUBLICA,ESPECIALIZAÇÃO
1755,UTFPR,"TECNOLOGIAS, COMUNICACAO E TECNICAS DE ENSINO",ESPECIALIZAÇÃO
1476,UFT,ADMINISTRACAO PUBLICA,BACHARELADO
161,UFT,BIOLOGIA,LICENCIATURA
1411,UFT,CULTURA E HISTORIAS DOS POVOS INDIGENAS,APERFEIÇOAMENTO
1306,UFT,EDUCACAO EM DIREITOS HUMANOS,ESPECIALIZAÇÃO
900,UFT,EDUCACAO PARA A DIVERSIDADE,APERFEIÇOAMENTO
162,UFT,FISICA,LICENCIATURA
1305,UFT,GENERO E DIVERSIDADE NA ESCOLA,EXTENSÃO
1015,UFT,GESTAO PUBLICA MUNICIPAL,ESPECIALIZAÇÃO
1510,UFT,MATEMATICA,LICENCIATURA
1155,UFT,MIDIAS NA EDUCACAO,EXTENSÃO
1358,UNITINS,"LETRAS LINGUA PORTUGUESA, LINGUA ESPANHOLA E RESPECTIVAS LITERATURAS",LICENCIATURA
1357,UNITINS,PEDAGOGIA,LICENCIATURA
1507,UNITINS,COMPUTACAO,LICENCIATURA
914,UFT,EDUCACAO AMBIENTAL,APERFEIÇOAMENTO
1417,UFT,GESTAO DE PROGRAMAS DE EDUCACAO ESCOLAR INDIGENA,EXTENSÃO
1014,UFT,GESTAO EM SAUDE,ESPECIALIZAÇÃO
1013,UFT,GESTAO PUBLICA,ESPECIALIZAÇÃO
1149,UFT,MIDIAS NA EDUCACAO ,APERFEIÇOAMENTO
1432,UFT,MÍDIAS NA EDUCACAO,ESPECIALIZAÇÃO
378,UFT,QUIMICA,LICENCIATURA
1490,UNITINS,ADMINISTRACAO PUBLICA,BACHARELADO
1508,UNITINS,MATEMATICA,LICENCIATURA
260,UESC,PEDAGOGIA,LICENCIATURA
410,UNIMONTES,ARTES VISUAIS,LICENCIATURA
411,UNIMONTES,CIENCIAS BIOLOGICAS,LICENCIATURA
1339,UNIMONTES,CIENCIAS DA RELIGIAO,LICENCIATURA
415,UNIMONTES,EDUCACAO ETNICO-RACIAL,APERFEIÇOAMENTO
416,UNIMONTES,EDUCACAO INTEGRAL E INTEGRADA,APERFEIÇOAMENTO
417,UNIMONTES,EDUCACAO PARA A DIVERSIDADE E CIDADANIA,APERFEIÇOAMENTO
1660,UNIMONTES,ENSINO DE MATEMATICA NO ENSINO MEDIO,ESPECIALIZAÇÃO
1201,UNIMONTES,GESTAO DE POLITICAS PUBLICAS EM GENERO E RACA,ESPECIALIZAÇÃO
1202,UNIMONTES,GESTAO DE POLITICAS PUBLICAS EM GENERO E RACA,EXTENSÃO
420,UNIMONTES,HISTORIA,LICENCIATURA
422,UNIMONTES,LETRAS INGLES,LICENCIATURA
1142,UNIMONTES,MIDIAS NA EDUCACAO,ESPECIALIZAÇÃO
1183,UNIMONTES,MIDIAS NA EDUCACAO,EXTENSÃO
1218,UNIMONTES,MIDIAS NA EDUCACAO,APERFEIÇOAMENTO
1751,UNIMONTES,SUPERVISAO EDUCACIONAL,ESPECIALIZAÇÃO
236,UEPA,LETRAS PORTUGUES,LICENCIATURA
94,UFPA,ADMINISTRACAO - PILOTO,BACHARELADO
394,UNEMAT,CIENCIAS BIOLOGICAS,LICENCIATURA
395,UNEMAT,FISICA,LICENCIATURA
1005,UEMA,EDUCACAO AMBIENTAL,APERFEIÇOAMENTO
225,UEMA,EDUCACAO DE JOVENS E ADULTOS,APERFEIÇOAMENTO
667,UEMA,GESTAO PUBLICA,ESPECIALIZAÇÃO
256,UESC,BIOLOGIA,LICENCIATURA
1280,UFG,EDUCACAO PARA AS RELACOES ETNICORRACIAIS,EXTENSÃO
385,UnB,EDUCACAO DE JOVENS E ADULTOS,ESPECIALIZAÇÃO
1345,UEMA,ESTATUTO DA CRIANCA E DO ADOLESCENTE,EXTENSÃO
669,UEMA,GESTAO EM SAUDE,ESPECIALIZAÇÃO
668,UEMA,GESTAO PUBLICA MUNICIPAL,ESPECIALIZAÇÃO
252,UEPG,MATEMATICA,LICENCIATURA
699,UNICENTRO,EDUCACAO PARA A DIVERSIDADE E CIDADANIA,APERFEIÇOAMENTO
1702,UNICENTRO,ENSINO DE CIENCIAS (CIENCIA E 10!),ESPECIALIZAÇÃO
1759,UNICENTRO,ENSINO E PESQUISA NA CIENCIA GEOGRAFICA,ESPECIALIZAÇÃO
1576,UEL,ENSINO DE INGLES PARA CRIANCAS,ESPECIALIZAÇÃO
136,UFSC,ADMINISTRACAO - PILOTO,BACHARELADO
649,UFSC,ADMINISTRACAO PUBLICA,BACHARELADO
362,UFSC,EDUCACAO INTEGRAL E INTEGRADA,APERFEIÇOAMENTO
369,UFSC,LETRAS INGLES,LICENCIATURA
1426,UNIFAL-MG,PEDAGOGIA,LICENCIATURA
929,UFMA,EDUCACAO PARA AS RELACOES ETNICORRACIAIS,APERFEIÇOAMENTO
1724,UEPG,ENSINO DE SOCIOLOGIA NO ENSINO MEDIO,ESPECIALIZAÇÃO
1669,UNICENTRO,GESTAO DA INFORMACAO E DO CONHECIMENTO,ESPECIALIZAÇÃO
346,UFRGS,ADMINISTRACAO - PILOTO,BACHARELADO
298,UFMA,CIENCIAS BIOLOGICAS,LICENCIATURA
1774,UFJF,CIENCIAS BIOLOGICAS,ESPECIALIZAÇÃO
1745,UNIMONTES,ENSINO DE SOCIOLOGIA NO ENSINO MEDIO,ESPECIALIZAÇÃO
423,UNIMONTES,LETRAS PORTUGUES,LICENCIATURA
1487,UFV,GESTAO PUBLICA MUNICIPAL,ESPECIALIZAÇÃO
215,UECE,QUIMICA,LICENCIATURA
1467,UFGD,GESTAO EM SAUDE,ESPECIALIZAÇÃO
1460,UFGD,GESTAO PUBLICA,ESPECIALIZAÇÃO
1461,UFGD,GESTAO PUBLICA MUNICIPAL,ESPECIALIZAÇÃO
1223,UFPA,GESTAO DE POLITICAS PUBLICAS EM GENERO E RACA,EXTENSÃO
1742,UNICENTRO,ENSINO DE SOCIOLOGIA NO ENSINO MEDIO,ESPECIALIZAÇÃO
400,UNICENTRO,HISTORIA,LICENCIATURA
1682,UNICENTRO,PERSPECTIVAS DE ENSINO DE HISTORIA DO BRASIL,ESPECIALIZAÇÃO
1430,IFSC,EDUCACAO DE JOVENS E ADULTOS,ESPECIALIZAÇÃO
364,UFSC,FISICA,LICENCIATURA
433,UFMA,PEDAGOGIA,LICENCIATURA
970,UFMA,PRODUCAO DE MATERIAL DIDATICO PARA A DIVERSIDADE,APERFEIÇOAMENTO
263,UFABC,TECNOLOGIAS E SISTEMAS DE INFORMACAO,ESPECIALIZAÇÃO
257,UESC,FISICA,LICENCIATURA
1037,UESB,PEDAGOGIA,LICENCIATURA
367,UFSC,GESTAO DE BIBLIOTECAS ESCOLARES,ESPECIALIZAÇÃO
799,UFPA,GESTAO PUBLICA MUNICIPAL,ESPECIALIZAÇÃO
1186,IFSC,MIDIAS NA EDUCACAO,ESPECIALIZAÇÃO
361,UFSC,EDUCACAO DE JOVENS E ADULTOS,APERFEIÇOAMENTO
197,IFRN,LETRAS ESPANHOL,LICENCIATURA
638,UFRN,HISTORIA,LICENCIATURA
189,IFMA,QUIMICA,LICENCIATURA
462,UnB,ARTES VISUAIS -  PROLIC II,LICENCIATURA
448,UnB,EDUCACAO FISICA - PROLIC I,LICENCIATURA
387,UnB,GENERO E DIVERSIDADE NA ESCOLA,APERFEIÇOAMENTO
1704,UNIVASF,ENSINO DE CIENCIAS (CIENCIA E 10!),ESPECIALIZAÇÃO
1516,UEMG,GEOGRAFIA,LICENCIATURA
1678,UEPG,ENSINO DE CIENCIAS (CIENCIA E 10!),ESPECIALIZAÇÃO
1466,UFGD,ADMINISTRACAO PUBLICA,BACHARELADO
413,UNIMONTES,EDUCACAO DE JOVENS E ADULTOS,APERFEIÇOAMENTO
1340,UNIMONTES,EDUCACAO FISICA,LICENCIATURA
1750,UNIMONTES,LINGUISTICA APLICADA AO ENSINO DO PORTUGUES,ESPECIALIZAÇÃO
87,UFMT,ADMINISTRACAO - PILOTO,BACHARELADO
279,UFF,ENSINO DE CIENCIAS,ESPECIALIZAÇÃO
309,UFMT,DIREITO AMBIENTAL,ESPECIALIZAÇÃO
1080,UNEMAT,PEDAGOGIA,LICENCIATURA
1604,UEPG,ENSINO DE FILOSOFIA NO ENSINO MEDIO,ESPECIALIZAÇÃO
398,UNICENTRO,EDUCACAO DE JOVENS E ADULTOS,APERFEIÇOAMENTO
1671,UNICENTRO,INTERVENCAO SOCIOCULTURAL PARA CONTEXTOS ESCOLARES E NAO ESCOLARES,ESPECIALIZAÇÃO
1030,UFRPE,ARTES VISUAIS DIGITAIS,LICENCIATURA
363,UFSC,EDUCACAO PARA A DIVERSIDADE E CIDADANIA,APERFEIÇOAMENTO
880,UFSC,GESTAO EM SAUDE,ESPECIALIZAÇÃO
412,UNIMONTES,CIENCIAS SOCIAIS,LICENCIATURA
851,UNIMONTES,GESTAO EM SAUDE,ESPECIALIZAÇÃO
330,UFPE,MATEMATICA,LICENCIATURA
784,UPE,ADMINISTRACAO PUBLICA,BACHARELADO
428,UPE,BIOLOGIA,LICENCIATURA
1419,UPE,ENSINO DE BIOLOGIA,ESPECIALIZAÇÃO
1331,UPE,ENSINO DE MATEMATICA,ESPECIALIZAÇÃO
808,UPE,GESTAO EM SAUDE,ESPECIALIZAÇÃO
430,UPE,LETRAS PORTUGUES,LICENCIATURA
1076,UPE,PEDAGOGIA,LICENCIATURA
288,UFG,ADMINISTRACAO - PILOTO,BACHARELADO
1674,IFRN,ENSINO DE CIENCIAS (CIENCIA E 10!),ESPECIALIZAÇÃO
1632,IFRN,ENSINO DE MATEMATICA NO ENSINO MEDIO,ESPECIALIZAÇÃO
1442,UNEMAT,LETRAS ESPANHOL,LICENCIATURA
1259,UESC,EDUCACAO AMBIENTAL,APERFEIÇOAMENTO
1260,UESC,EDUCACAO E SAUDE,EXTENSÃO
1458,UESC,GESTAO PUBLICA,ESPECIALIZAÇÃO
1459,UESC,GESTAO PUBLICA MUNICIPAL,ESPECIALIZAÇÃO
1349,UNEB,EDUCACAO DO CAMPO,EXTENSÃO
1596,UFRB,MATEMATICA,LICENCIATURA
419,UNIMONTES,GEOGRAFIA,LICENCIATURA
70,UFJF,ADMINISTRACAO - PILOTO,BACHARELADO
1716,UNIMONTES,EDUCACAO FISICA ESCOLAR,ESPECIALIZAÇÃO
545,UNIFAP,EDUCACAO FISICA,LICENCIATURA
1445,IFAM,GESTAO PUBLICA ,ESPECIALIZAÇÃO
211,UECE,FISICA,LICENCIATURA
1427,UFRN,LETRAS  PORTUGUES,LICENCIATURA
1159,UFRN,MIDIAS NA EDUCACAO,ESPECIALIZAÇÃO
347,UFRGS,FISICA PARA EDUCACAO BASICA,ESPECIALIZAÇÃO
209,UECE,ARTES VISUAIS,LICENCIATURA
821,IFSC,GESTAO EM SAUDE,ESPECIALIZAÇÃO
1493,UNIVASF,GESTAO PUBLICA,ESPECIALIZAÇÃO
1775,UNIVASF,LIBRAS,ESPECIALIZAÇÃO
1077,UPE,LETRAS INGLES,FORMAÇÃO PEDAGÓGICA
1469,UFPB,ADMINISTRACAO PUBLICA,BACHARELADO
1021,UFAL,EDUCACAO AMBIENTAL,APERFEIÇOAMENTO
469,UFRGS,PEDAGOGIA,LICENCIATURA
382,UFV,ADMINISTRACAO - PILOTO,BACHARELADO
1056,UNIVASF,ARTES VISUAIS,FORMAÇÃO PEDAGÓGICA
1058,UNIVASF,CIENCIAS BIOLOGICAS,FORMAÇÃO PEDAGÓGICA
1059,UNIVASF,EDUCACAO FISICA,FORMAÇÃO PEDAGÓGICA
1060,UNIVASF,FISICA,FORMAÇÃO PEDAGÓGICA
1061,UNIVASF,MATEMATICA,FORMAÇÃO PEDAGÓGICA
1062,UNIVASF,QUIMICA,FORMAÇÃO PEDAGÓGICA
1068,UEFS,LETRAS PORTUGUES,LICENCIATURA
1069,UEFS,PEDAGOGIA,LICENCIATURA
1101,UFAL,GEOGRAFIA,LICENCIATURA
1104,UFAL,LETRAS INGLES,LICENCIATURA
1703,UNIFAP,ENSINO DE CIENCIAS (CIENCIA E 10!),ESPECIALIZAÇÃO
1627,UNIFAP,ENSINO DE FILOSOFIA NO ENSINO MEDIO,ESPECIALIZAÇÃO
1658,UNIFAP,ENSINO DE MATEMATICA NO ENSINO MEDIO,ESPECIALIZAÇÃO
438,UFRN,ADMINISTRACAO - PILOTO,BACHARELADO
239,UEPB,ADMINISTRACAO - PILOTO,BACHARELADO
877,UEPB,GESTAO EM SAUDE,ESPECIALIZAÇÃO
876,UEPB,GESTAO PUBLICA,ESPECIALIZAÇÃO
875,UEPB,GESTAO PUBLICA MUNICIPAL,ESPECIALIZAÇÃO
241,UEPB,LETRAS PORTUGUES,LICENCIATURA
1450,UEL,GESTAO PUBLICA ,ESPECIALIZAÇÃO
1532,UFPE,CIENCIAS BIOLOGICAS,LICENCIATURA
1048,UFRPE,INTERDISCIPLINAR EM CIENCIAS NATURAIS,LICENCIATURA
1431,UEMG,PEDAGOGIA,LICENCIATURA
1231,UFVJM,MATEMATICA,LICENCIATURA
1787,UNESP,PEDAGOGIA,LICENCIATURA
337,UFPR,ADMINISTRACAO - PILOTO,BACHARELADO
